WORD,CONC,IMAG,KFFRQ,NLET,type,WORD_ITALIAN,WORD_PORTUGUESE,WORD_SPANISH,WORD_FRENCH,WORD_GREEK,WORD_RUSSIAN
ABDOMEN,586,548,6,7,live,ADDOME,abdômen,ABDOMEN,ABDOMEN,κοιλιά,
ABODE,498,458,4,5,live,CASA,casa,VIVIENDA,MAISON,Κατοικία,
ABYSS,450,453,4,5,live,ABISSO,abismo,ABISMO,ABÎME,Άβυσσος,
ACADEMY,499,504,24,7,live,ATENEO,academia,ACADEMIA,ACCADÉMIE,Ακαδημία,
ACCIDENT,419,518,33,8,live,INCIDENTE,acidente,ACCIDENTE,ACCIDENT,Ατύχημα,
ACHE,443,443,4,4,live,DOLORE,dor,DOLOR,DOULEUR,Πόνος,
ACRE,462,464,9,4,live,ACRO,acre,ACRE,ACRE,Στρέμμα,
ADULT,492,526,25,5,live,ADULTO,adulto,ADULTO,ADULTE,Ενήλικος,
AERIAL,517,567,8,6,live,ANTENNA,antena,ANTENA,ANTENNE,Εναέριος,
AFTERNOON,509,528,6,5,live,POMERIGGIO,tarde,TARDE,APRÈS-MIDI,Απόγευμα,
AISLE,,,,5,demo,CORRIDOIO,corredor,PASILLO,COULOIR,Πτέρυγα,
ALCOHOL,618,598,13,7,live,ALCOL,álcool ,ALCOHOL,ALCOOL,Αλκοόλ,
ALERT,400,428,33,5,live,ALLARME,alerta,ALERTA,ALERTE,Ειδοποίηση,
ALGAE,545,424,7,5,live,ALGHE,algas,ALGAS,ALGUES,Φύκια,
ALKALI,437,432,4,6,live,ALCALI ,alcali,ÁLCALI,ALCALI,αλκαλίο,
ALLEY,557,572,8,5,live,VICOLO,beco,CALLEJÓN,RUELLE,Δρομάκι,
ALLIGATOR,485,453,9,4,live,ALLIGATORE,jacaré,ALIGÁTOR,ALLIGATOR,αληγάτορας,
ALLOTMENT,523,501,18,8,live,LOTTO,porção - lote,PARCELA,LOT,κατανομή,
ALLY,595,561,15,6,live,ALLEATO,aliado,ALIADO,ALLIÉ,Σύμμαχος,
ALUMINUM,467,503,51,5,live,ALLUMINIO,alumínio,ALUMINIO,ALUMINIUM,Αργίλιο,
AMBASSADOR,587,575,68,6,live,DELEGATO,arauto,EMBAJADOR,AMBASSADEUR,Πρεσβευτής,
AMBULANCE,608,613,8,5,live,SOCCORSO,socorro,AMBULANCIA,AMBULANCE,Ασθενοφόρο,
AMPLIFIER,604,613,6,3,live,MEGAFONO,megafone,ALTAVOZ,AMPLIFICATEUR,Ευρύνων,
ANCHOR,492,549,12,7,live,ANCORA,âncora,ÁNCORA,ANCRE,άγκυρα,
ANGLE,654,616,3,3,live,ANGOLO,ângulo,ÁNGULO,ANGLE,Γωνία,
ANIMAL,467,424,8,8,live,ANIMALE,animal,ANIMAL,ANIMAL,Ζώο,
ANKLE,620,637,9,5,live,CAVIGLIA,maléolo,TOBILLO,CHEVILLE,αστράγαλος,
ANT,471,494,41,3,live,FORMICA,formiga,HORMIGA,FOURMI,Μυρμήγκι,
ANTIQUE,512,557,13,4,live,ANTICO,antigo,ANTIGÜEDAD,ANTIQUITÉ,Αντίκα,
APARTMENT,592,593,94,3,live,ALLOGGIO,aposento,PISO,IMMEUBLE,Διαμέρισμα,
APE,544,503,4,5,live,SCIMMIA,macaco,SIMIO,SINGE,Πίθηκος,
APERTURE,543,578,132,4,live,APERTURA,abertura,ABERTURA,OUVERTURE,Άνοιγμα,
APPLE,595,619,14,5,live,MELA,maçã,MANZANA,POMME,Μήλο,
APPLIANCE,554,600,57,6,live,CONGEGNO,aparelho,APARATO,APPAREIL,συσκευή,
ARC,583,553,11,3,live,ARCO,arco,ARCO,ARC,Τόξο,
ARCH,583,569,3,7,live,ARCATA,arcada,ARCO,ARCADE,Αψίδα,
ARM,574,542,3,7,live,BRACCIO,braço,BRAZO,BRAS,Χέρι,
ARMOR,410,481,15,7,live,ARMATURA,armadura,ARMADURA,ARMURE,Πανοπλία,
ARMY,545,591,9,7,live,ESERCITO,exército,EJÉRCITO,ARMÉE,Στρατός,
ARROW,481,499,37,4,live,FRECCIA,seta,FLECHA,FLÈCHE,Τόξο,
ARTIST,411,501,105,6,live,ARTISTA,artista,ARTISTA,ARTISTE,Καλλιτέχνης,
ASH,515,555,115,8,live,CENERE,cinza,CENIZA,CENDRE,Στάχτη,
ASPHALT,564,567,22,4,live,ASFALTO,asfalto,ASFALTO,BITUME,Άσφαλτος,
ASPIRIN,502,460,46,6,live,ASPIRINA,aspirina ,ASPIRINA,ASPIRIN,Ασπιρίνη,
ASSAULT,421,622,22,6,live,ASSALTO,assalto,ATAQUE,ASSAUT,προσβολή,
ASTRONOMY,539,564,46,6,live,ASTRONOMIA,ciência/ astronomia  ,ASTRONOMÍA,ASTRONOMIE,Αστρονομία,
ATHLETE,492,445,3,7,live,ATLETA,atleta,ATLETA,ATHLÈTE,Αθλητής,
ATHLETICS,623,597,6,3,live,ATLETICA,esporte/ atletismo ,DEPORTE,SPORTIF,Αθλητισμός,
ATOM,555,560,5,4,live,ATOMO,átomo,ÁTOMO,ATOME,Άτομο,
ATTACK,562,562,8,4,live,ATTACCO,ataque,ATAQUE,ATTAQUE,Επίθεση,
ATTENDANT,589,608,62,4,live,ADDETTO,criado,EMPLEADO,EMPLOYÉ,Παραστάτης,
AUDIENCE,560,505,8,8,live,PUBBLICO,público,PÚBLICO,PUBLIC,κοινό,
AUDITORIUM,561,519,5,5,live,UDITORIO, auditório ,AUDITORIO,AUDITORIUM,Αίθουσα,
AUNT,603,570,42,3,live,ZIA,tia ,TÍA,TANTE,Θεία,
AUTHOR,441,480,7,4,live,AUTORE,autor ,AUTOR,AUTEUR,Συντάκτης,
AUTOMOBILE,462,473,5,4,live,AUTO,carro,AUTOMÓVIL,VOITURE,Αυτοκίνητο,
AUTUMN,615,622,110,4,live,AUTUNNO,outono,OTOÑO,AUTOMNE,Φθινόπωρο,
AVENUE,623,583,10,7,live,VIALE,avenida,AVENIDA,AVENUE,Λεωφόρος,
AVIATOR,455,437,12,6,live,AVIATORE,aviador ,AVIADOR,AVIATEUR,Αεροπόρος,
AXE,633,644,4,6,live,ASCIA,machado,ACHA,HACHE,Τσεκούρι,
AXLE,590,579,53,4,live,ASSE,eixo,EJE,ESSIEU,Άξονας,
BABE,639,554,4,7,live,BIMBO,criança,CRIADURA,BÉBÉ,μωρό,
BABY,547,562,3,6,live,BEBÈ,bebê,BEBÉ,PETIT/E,μωρό,
BACTERIA,435,470,7,4,live,BATTERI,bactérias ,BACTERIAS,BACTÉRIES,Βακτήρια,
BADGE,573,560,83,4,live,BADGE,crachá ,CARNET,BADGE,Έμβλημα,
BAG,547,565,5,6,live,BORSA,bolsa,BOLSO,SAC,Τσάντα,
BAIL,567,569,8,6,live,CAUZIONE,caução,FIANZA,CAUTION,Εγγύηση,
BALE,565,596,82,3,live,BALLA,bala,BALA,BALLE,Άχυρο,
BALL,563,539,14,4,live,PALLA,bola,PELOTA,BALLON,Μπάλα,
BALLOON,614,589,29,4,live,PALLONE,balão,GLOBO,BALLON,Μπαλόνι,
BALLOT,590,602,24,6,live,VOTO,cédula,VOTACIÓN,VOTO,Ψήφος,
BANANA,441,436,91,4,live,BANANA,banana,BANANA,BANANE,Μπανάνα,
BAND,585,571,31,8,live,BAND,banda ,BANDA,BAND,Μπάντα,
BANDAGE,602,542,7,5,live,BENDA,faixa ,VENDA,BANDAGE,Επίδεσμος,
BANDIT,606,560,17,6,live,BANDITO,bandido ,BANDIDO,BANDIT,Ληστής,
BANG,547,544,16,4,live,COLPO,estrondo,GOLPE,COUP,Πάταγος,
BANK,564,586,18,3,live,BANCA,banco,BANCO,BANQUE,Τράπεζα,
BANKER,600,601,26,4,live,BANCHIERE,banqueiro,BANQUERO,BANQUIER/ÈRE,Τραπεζίτης,
BANNER,570,516,10,5,live,BANNER,bandeira ,BANNER,BANDEROLE,πανό,
BAR,564,597,87,6,live,BAR,bar,BAR,BISTROT,Μπαρ,
BARK,580,570,57,3,live,LATRATO,latido,LADRIDO,ABOYER,Φλοιός,
BARN,600,548,6,7,live,FIENILE,celeiro,GRANERO,GRANGE,Σιταποθήκη,
BARREL,612,667,61,5,live,BOTTE,barril,BARRIL,BARRIQUE,Βαρέλι,
BASE,502,539,21,4,live,BASE,base ,BASE,BASE,Βάση,
BASEMENT,604,538,5,4,live,CANTINA,porão,SÓTANO,SOUS-SOL,Υπόγειο,
BASIN,585,572,57,4,live,BACINO,bacia ,CUENCA,CUVETTE,Λεκάνη,
BASKET,580,630,26,5,live,CESTINO,cesta ,PAPELERA,PANIER,Μπάσκετ,
BASS,564,558,7,5,live,BASSO,baixo,CONTRABAJO,GRAVE / BASSE,Μπαζο,
BAT,589,612,3,6,live,NOTTOLA,morcego,BATE,RAQUETTE,Νυχτερίδα,
BATH,635,635,127,3,live,BAGNO,banho,BAÑO,BAIN,Μπάνιο,
BATON,615,629,52,7,live,BASTONE,bastão,BASTÓN,BÂTON,Ράβδος,
BATTLE,597,623,11,3,live,LOTTA,batalha ,BATALLA,BATAILLE,Μάχη,
BAY,446,435,6,5,live,BAIA,baía,BAHÍA,BAIE,Κόλπος,
BAYONET,637,625,32,4,live,BAIONETTA,baioneta,BAYONETA,BAÏONNETTE,Λόγχη,
BEACH,587,598,34,4,live,SPIAGGIA,praia ,PLAYA,PLAGE,Παραλία,
BEAM,620,610,18,4,live,RAGGIO,raio,RAYO ,RAYON,Δέσμη,
BEAN,630,576,23,5,live,FAGIOLO,feijão,JUDÍA,HARICOT,Φασόλι,
BEAR,602,494,29,4,live,ORSO,urso,OSO,OURS,Αρκούδα,
BEARD,614,555,35,5,live,BARBA,barba ,BARBA,BARBE,Γένι,
BEAST,573,551,9,5,live,BESTIA,fera ,BESTIA,BÊTE,Τέρας,
BEAVER,403,453,20,3,live,CASTORO,castor ,CASTOR,CASTOR,Κάστορας,
BED,526,565,5,8,live,LETTO,cama ,CAMA,LIT,Κρεβάτι,
BEDROOM,585,594,59,5,live,CAMERA,quarto,HABITACIÓN,CHAMBRE,Υπνοδωμάτιο,
BEE,528,535,143,4,live,APE,abelha ,ABEJA,ABEILLE,Μελίσσα,
BEECH,598,562,9,3,live,FAGGIO,faia ,HAYA,HÊTRE,Φηγός,
BEEF,400,441,7,7,live,MANZO,carne ,CARNE,BŒUF,βοδινό,
BEER,602,614,31,4,live,BIRRA,cerveja ,CERVEZA,BIÈRE,μπύρα,
BELL,471,532,66,5,live,CAMPANA,sino,CAMPANA,CLOCHE,Κουδούνι,
BELLY,587,524,18,6,live,PANCIA,barriga ,BARRIGA,VENTRE,κοιλιά,
BELT,509,553,10,4,live,CINTURA,cinto,CINTURÓN,CEINTURE,Ζώνη,
BENCH,409,457,53,6,live,PANCA,banco,BANCO,BANC,Παγκάκι,
BERRY,584,568,13,5,live,BACCA,baga ,BAYA,BAIE,Μούρο,
BET,622,582,30,7,live,SCOMMESSA,aposta,APUESTA,ENJEU,Στοίχημα,
BEVERAGE,443,485,47,5,live,BEVANDA,bebida,BEBIDA,BOISSON,ποτό,
BIBLE,573,616,3,7,live,BIBBIA,Bíblia ,BIBLIA,BIBLE,Βίβλος,
BILL,558,483,66,5,live,CONTO,conta,CUENTA,ADDITION,Τιμολόγιο,
BIN,502,608,20,6,live,CESTINO,caixa ,PAPELERA,POUBELLE,Κάδος,
BIOLOGY,613,620,121,5,live,BIOLOGIA,biologia,BIOLOGÍA,BIOLOGIE,Βιολογία,
BIRD,520,524,12,5,live,UCCELLO,pássaro,PÁJARO,OISEAU,πουλί,
BIRTH,559,618,7,7,live,NASCITA,origem/ nascimento,NACIMIENTO,NAISSANCE,Γέννηση,
BISHOP,459,569,143,4,live,VESCOVO,bispo ,OBISPO,ÉVÊQUE,Επίσκοπος,
BITE,637,631,72,4,live,MORSO,mordida ,BOCADO,BOUCHÉE,δάγκωμα,
BITTER,494,533,23,7,live,AMARO,amargo,AMARGO,AMER,πικρό,
BLADE,,,,3,demo,LAMA,lâmina,HOJA,LAME,Λεπίδα,
BLANKET,467,533,12,4,live,COPERTA,cobertor,MANTA,COUVERTURE,Κουβέρτα,
BLIND,556,551,10,4,live,CIECO,cego,CIEGOS,AVEUGLE,Τυφλός,
BLISTER,595,606,36,4,live,VESCICA,bolha ,AMPOLLA,AMPOULE,Φουσκάλα,
BLOCK,588,567,33,4,live,BLOCCO,bloco,BLOQUE,BLOC,Φραγμός,
BLONDE,609,591,193,4,live,BIONDO,loiro,RUBIA,BLOND,ξανθιά,
BLOOD,595,604,13,4,live,SANGUE,sangue,SANGRE,SANG,Αίμα,
BLOOM,556,486,7,5,live,FIORE,flor,FLOR,FLEUR,Ανθίζω,
BLOSSOM,444,453,20,6,live,BOCCIOLO,floração,FLORACIÓN,FLEURIR,Άνθος,
BLUE,552,593,8,5,live,BLU,azul,AZUL,BLEU,μπλέ,
BOAT,552,554,20,4,live,BARCA,barco,BARCO,BATEAU,Βάρκα,
BOATING,591,619,76,6,live,NAVIGARE,passeio de barco,NAVEGACIÓN,CANOTAGE,Βαρκάδα,
BOIL,597,614,10,7,live,BOLLIRE,ferver,HERVIR,BOUILLIR,Βρασμός,
BOLT,411,435,16,8,live,BULLONE,parafuso,TORNILLO,VIS,Βίδα,
BOMB,566,599,4,7,live,BOMBA,bomba ,BOMBA,BOMBE,Βόμβα,
BONE,570,606,8,7,live,OSSO,osso ,HUESO,OS,Κόκαλο,
BOOK,572,546,15,3,live,LIBRO,livro,LIBRO,LIVRE,Βιβλίο,
BOOT,575,579,23,4,live,STIVALE,bota,BOTA,BOTTE,Μπότα,
BOOTH,597,591,70,3,live,CHIOSCO ,cabine ,PABELLÓN,STAND,Παράγκα,
BORDER,556,572,45,5,live,CONFINE,beira/ fronteira ,FRONTERA,FRONTIÈRE,Σύνορο,
BOSOM,583,548,33,6,live,PETTO,peito,PECHO,POITRINE,Στήθος,
BOSS,595,590,7,6,live,BOSS,chefe,JEFE,PATRON,αφεντικό,
BOTTLE,577,524,19,5,live,BOTTIGLIA,garrafa ,BOTELLA,BOUTEILLE,Μπουκάλι,
BOULDER,622,619,41,5,live,MACIGNO,pedra/ pedregulho,ROCA,ROCHE,Ογκόλιθος,
BOUNDARY,580,597,11,6,live,LIMITE,limite ,LÍMITE,LIMITE,Όριο,
BOUQUET,479,480,53,6,live,BOUQUET,ramo/ ramalhete,RAMO,BOUQUET,Μπουκέτο,
BOURBON,500,560,14,6,live,BOURBON,Bourbon ,GÜISQUI,BOURBON,,
BOW,610,574,18,5,live,INCHINO,curva/ reverência,REVERENCIA,RÉVÉRENCE,Τόξο,
BOWL,623,608,98,6,live,SCODELLA,tigela ,BOL,BOL,Μπολ,
BOX,473,489,87,6,live,SCATOLA,caixa ,CAJA,BOÎTE,κουτί,
BRAIN,509,510,4,4,live,CERVELLO,cérebro,CEREBRO,CERVEAU,μυαλό,
BRANCH,558,562,3,7,live,RAMO,ramo,RAMA,BRANCHE,κλαδί,
BRANDY,568,588,11,6,live,BRANDY,Brandy,BRANDY,BRANDY,Κονιάκ,
BRASS,611,597,3,5,live,OTTONE,latão,LATÓN,LAITON,Ανέδεια,
BREAD,585,589,73,7,live,PANE,pão,PAN,PAIN,ψωμί,
BREAKFAST,589,570,44,5,live,COLAZIONE ,refeição/ café da manhã,DESAYUNO,PETIT-DÉJEUNER,πρωινό,
BREAST,402,427,7,6,live,SENO,seio,PECHO,SEIN,Στήθος,
BREATH,462,481,6,5,live,ALITO,fôlego,ALIENTO,SOUFFLE,Ανάσα,
BREEZE,563,604,12,6,live,BREZZA,brisa,BRIZA,BRISE,Αεράκι,
BRICK,594,586,7,6,live,MATTONE,tijolo,LADRILLO,BRIQUE,Τούβλο,
BRIDGE,568,587,5,6,live,PONTE,ponte ,PUENTE,PONT,Γέφυρα,
BRIGHT,549,508,9,3,live,LUMINOSO,claro/ brilhante,BRILLANTE,BRILLANT,Λαμπρός,
BRIM,509,459,16,6,live,FALDA,borda,ALA,BORD,Χείλος,
BRISTLE,532,551,29,7,live,SETOLE,cerdas ,PELO,POIL,Γουρουνότριχα,
BRONZE,589,578,160,8,live,BRONZO,bronze,BRONCE,BRONZE,Μπρούντζος,
BROOK,595,611,28,6,live,RUSCELLO,ribeiro,RIACHUELO,RUISSEAU,Ρυάκι,
BROTHER,525,476,5,4,live,FRATELLO,irmão,HERMANO,FRÈRE,Αδερφός,
BRUSH,452,486,17,5,live,PENNELLO,pinchel,BROCHA,PINCEAU,Βούρτσα,
BRUTAL,547,497,43,6,live,BRUTALE,brutal,BRUTAL,BRUTAL,Κτηνώδης,
BRUTE,477,544,11,6,live,BRUTO,bruto,BRUTO,BRUTE,Κτήνος,
BUBBLE,490,541,15,4,live,BOLLA,,BURBUJA,BULLE,Φυσαλλίδα,
BUCKET,426,444,4,6,live,SECCHIO,,CUBO,SEAU,Κουβάς,
BUCKLE,585,549,14,4,live,FIBBIA,,HEBILLA,BOUCLE,κουμπί,
BUD,556,596,8,7,live,GERMOGLIO,,CAPULLO,BOUTON,Μπουμπούκι,
BUFFER,618,603,27,6,live,BUFFER,,BÚFER,TAMPON,Ρυθμιστής,
BUILDER,613,580,10,6,live,BUILDER,,ALBAÑIL,OUVRIER,Οικοδόμος,
BUILDING,611,573,4,7,live,EDIFICIO,,EDIFICIO,ÉDIFICE,Κτίριο,
BULLET,596,582,23,5,live,SPARO,,BALA,BALLE,Σφαίρα,
BUMP,593,524,17,7,live,BOZZO,,BULTO,BOSSE,Χτύπημα,
BUNCH,544,469,7,5,live,GRAPPOLO,,RACIMO,GRAPPE,Δέσμη,
BUREAU,568,625,20,4,live,UFFICIO ,,AGENCIA,BUREAU,Γραφείο,
BURIAL,593,585,9,4,live,TOMBA ,,ENTIERRO,ENTERREMENT,ταφή,
BURN,624,624,13,4,live,BRUCIARE,,QUEMAR,BRÛLER,Έγκαυμα,
BURROW,592,565,11,4,live,TANA,,MADRIGUERA,TERRIERS,Τρυπώνω,
BUSH,627,576,36,6,live,ARBUSTO,,ARBUSTO,ARBUSTE,Θάμνος,
BUTCHER,571,588,75,4,live,MACELLAIO,,CARNICERO,BOUCHER,Σφάζω,
BUTTER,598,588,3,5,live,BURRO,,MANTEQUILLA,BEURRE,βούτυρο,
BUTTON,615,567,25,6,live,BOTTONE,,BOTóN ,BOUTON,κουμπί,
CABBAGE,565,594,18,6,live,CAVOLO,,REPOLLO,CHOU,Λάχανο,
CABIN,602,601,16,5,live,CABINA,,CABINA,CABINE,Καμπίνα,
CABINET,590,608,12,4,live,GABINETTO,,ARMARIO,VITRINE,Ντουλάπι,
CABLE,604,588,7,6,live,CAVO,,CABLE,CÂBLE,Σύρμα,
CAFE,623,602,7,5,live,CAFFE',,CAFÉ,CAFÉ,Καφετέρια,
CAGE,541,493,5,5,live,GABBIA,,JAULA,CAGE,κλουβί,
CAKE,581,566,20,4,live,TORTA,,TARTA,GÂTEAU,Κέικ,
CALF,448,518,85,7,live,VITELLO,,TERNERO,VEAU,Μοσχάρι,
CAMERA,529,545,22,7,live,CAMERA,,CáMARA,CAMÉRA,φωτογραφική μηχανή,
CAMOUFLAGE,540,594,5,7,live,CAMUFFAMENTO,,CAMUFLAJE,CAMOUFLAGE,Καμουφλάζ,
CAMP,534,497,85,7,live,ACCAMPAMENTO,,CAMPAMENTO,CAMP,Κατασκήνωση,
CANAL,516,518,5,7,live,CANALE,,CANAL,CANAL,Κανάλι,
CANCER,539,562,8,7,live,CANCRO,,CáNCER,CANCER,Καρκίνος,
CANDIDATE,511,445,30,6,live,CANDIDATO,,CANDIDATO,CANDIDAT/E,Υποψήφιος,
CANDLE,565,578,26,4,live,CANDELA,,VELA,BOUGIE,κερί,
CANDY,600,531,15,8,live,CARAMELLA,,CARAMELO,BONBONS,ζαχαρωτά,
CANE,581,538,13,6,live,BASTONE,,BASTÓN,CANNE,Καλάμι,
CANNON,576,529,11,8,live,CANNONE,,CAÑÓN,CANON,Κανόνι,
CANOE,576,597,5,4,live,CANOA,,CANOA,CANOË,κανό,
CANON,,,,5,demo,CANONE,,CANON,CRITIÈRE,Κανόνας,
CAPE,547,588,36,4,live,CAPPA,,CAPA,CAPE,Κάπα,
CAPITAL,502,483,45,4,live,CAPITALE ,,CAPITAL,CAPITALE,Κεφαλαίο,
CAPITOL,615,617,23,3,live,CAPITOL,,CAPITOL,CAPITOLE,Καπιτώλιο,
CAPSULE,600,619,97,6,live,CAPSULA,,CÁPSULA,CAPSULE,καψούλα,
CAPTAIN,592,601,9,4,live,CAPITANO,,CAPITÁN,CAPITAINE,Καπετάνιος,
CAPTIVE,606,557,31,7,live,PRIGIONIERO,,DETENIDO,PRISONNIER/ÈRE,Αιχμάλωτος,
CARAVAN,542,590,65,4,live,CARAVAN,,CARAVANA,CARAVANE,Τροχόσπιτο,
CARBON,572,572,26,6,live,CARBONIO,,CARBONO,CARBONE,Άνθρακας,
CARD,646,578,11,6,live,CARTA,,CARTÓN,CARTE,Κάρτα,
CARDINAL,544,518,158,4,live,CARDINALE,,CARDENAL,CARDINAL,Καρδινάλιος,
CARPET,637,576,17,6,live,TAPPETO,,ALFOMBRA,TAPIS,χαλί,
CARRIAGE,430,523,18,8,live,CARROZZA,,CARRUAJE,CARROSSE,Άμαξα,
CART,595,559,50,5,live,CARRO,,CARRETA,CHARRETTE,Καροτσάκι,
CASH,606,610,66,5,live,CONTANTE,,EFECTIVO,ESPÈCES,μετρητά,
CAST,634,601,3,5,live,LANCIO,,REPARTO,JETER,Εκμαγείο,
CAT,459,508,23,8,live,GATTO,,GATO,CHAT,Γάτα,
CATHEDRAL,527,508,16,7,live,CATTEDRALE,,CATEDRAL,CATHÉDRALE,Καθεδρικός,
CATTLE,587,560,20,6,live,BESTIAME,,GANADO,BOVINS,Βόδια,
CAVE,532,531,22,5,live,CAVA ,,CAVA,GROTTE,σπηλιά,
CEILING,565,561,20,5,live,SOFFITTO,,TECHO,PLAFOND,οροφή,
CELL,624,592,9,6,live,CELLULA,,CÉLULA,CELLULE,κελί,
CELLAR,611,582,6,6,live,CANTINA,,SÓTANO,SOUS-SOL,Κελάρι,
CEMENT,580,556,53,5,live,CEMENTO,,CEMENTO,CIMENT,Τσιμέντο,
CENT,600,602,5,8,live,CENTESIMO,,CÉNTIMO,CENTIME,Σεντ,
CEREAL,454,437,7,4,live,CEREALE,,CEREALES,CÉRÉALES,δημητριακά,
CEREMONY,614,619,37,7,live,CERIMONIA,,CEREMONIA,CÉRÉMONIE,τελετή,
CERTIFICATE,503,545,119,5,live,CERTIFICATO,,CERTIFICADO/DOCUMENTO,CERTIFICAT,πιστοποιητικό,
CHAIN,592,608,27,4,live,CATENA,,CADENA,CHAÎNE,Αλυσίδα,
CHAIR,578,597,69,5,live,SEDIA,,SILLA,CHAISE,Καρέκλα,
CHALK,597,567,4,6,live,GESSO,,CALIZA,CRAIE,Κιμωλία,
CHAMPION,547,435,5,8,live,CAMPIONE,,CAMPEÓN,CHAMPION,Πρωταθλητής,
CHANNEL,591,480,33,8,live,CANALE,,CANAL,CHAÎNE,Κανάλι,
CHAPEL,567,567,8,5,live,CAPPELLA,,CAPILLA,CHAPELLE,Παρεκκλήσι,
CHART,555,575,3,4,live,CARRELLO,,GRÁFICA,SCHÉMA,Διάγραμμα,
CHEEK,555,491,4,6,live,GUANCIA,,MEJILLA,JOUE,Μάγουλο,
CHEESE,429,497,5,7,live,FORMAGGIO,,QUESO,FROMAGE,τυρί,
CHERRY,580,619,10,5,live,CILIEGIA,,CEREZA,CERISE,Κεράσι,
CHEST,515,591,60,6,live,PETTO,,PECHO,COFFRE,Στήθος,
CHESTNUT,493,472,23,7,live,CASTAGNA,,CASTAÑA,MARRON,Κάστανο,
CHIC,404,543,21,8,live,CHIC,,CHIC,CHIC,Σικ,
CHICKEN,535,586,7,6,live,POLLO,,POLLO,POULET,Κοτόπουλο,
CHIEF,455,445,30,7,live,CAPO,,JEFE,CHEF,Αρχηγός,
CHIN,564,541,3,4,live,MENTO,,MENTÓN,MENTON,Πιγούνι,
CHINA,606,575,100,4,live,CHINA,,CHINA,CHINE,Κίνα,
CHISEL,591,599,11,5,live,SCALPELLO,,CINCEL,CISEAU,Σμίλη,
CHLORIDE,543,518,3,5,live,CLORURO,,CLORURO,CHLORURE,Χλωριούχο,
CHLORINE,591,614,20,5,live,CLORO,,CLORO,CHLORE,Χλωρίνη,
CHOCOLATE,599,525,16,6,live,CIOCCOLATO,,CHOCOLATE,CHOCOLAT,Σοκολάτα,
CHOIR,580,547,43,5,live,CORO,,CORO,CHORALE,Χορωδία,
CHOP,600,629,89,7,live,TAGLIARE,,CORTE,COUPER,Μπριζόλα,
CHRISTMAS,570,588,20,8,live,NATALE,,NAVIDAD,NOËL,Χριστούγεννα,
CHROME,554,595,28,5,live,CROMO,,CROMO,CHROME,Χρώμιο,
CHUCKLE,554,606,16,6,live,RISATINA ,,RISITA,GLOUSSER,Συγκρατημένο γέλιο,
CIGAR,627,589,3,5,live,SIGARO ,,CIGARRO,CIGARE,Πούρο,
CIGARETTE,509,522,145,4,live,SIGARETTA ,,CIGARRO,CIGARETTE,Τσιγάρο,
CIRCLE,561,560,24,5,live,CERCHIO ,,CÍRCULO,CERCLE,Κύκλος,
CIRCUIT,584,581,32,4,live,CIRCUITO ,,CIRCUITO,CIRCUIT,Κύκλωμα,
CIRCULAR,445,494,10,6,live,CIRCOLARE,,CIRCULAR,CIRCULAIRE,Κυκλικός,
CIRCUS,562,588,61,5,live,CIRCO ,,CIRCO,CIRQUE,Τσίρκο,
CITIZEN,601,572,43,4,live,CITTADINO ,,VECINO,CITOYEN,Πολίτης,
CLAM,611,586,5,4,live,CLAM ,,ALMEJA,PALOURDE,Αχιβάδα,
CLAY,576,594,16,7,live,ARGILLA,,BARRO,ARGILE,Πηλός,
CLIFF,576,604,25,8,live,SCOGLIERA,,BARRANCO,FALAISE,Γκρεμός,
CLOAK,432,460,40,4,live,MANTELLO ,,MANTO,CAPE,Μανδύας,
CLOCK,613,618,78,6,live,OROLOGIO ,,RELOJ,HORLOGE,Ρολόι,
CLOSET,595,606,7,6,live,ARMADIO,,ARMARIO,PLACARD,Ντουλάπα,
CLOTH,490,492,6,4,live,STRACCIO,,TELA,TISSU,ύφασμα,
CLOTHES,581,603,10,4,live,VESTITI,,ROPA,VÊTEMENTS,Ρούχα,
CLOTHING,580,623,4,4,live,VESTIARIO,,ROPA,HABITS,Ενδύματα,
CLOUD,457,531,171,4,live,NUVOLA,,NUBE,NUAGE,Σύννεφο,
CLOVER,622,582,17,6,live,TRIFOGLIO,,TRÉBOL,TRÈFLE,Τριφύλλι,
CLOWN,576,586,9,7,live,CLOWN,,PAYASO,CLOWN,Κλόουν,
CLUB,523,552,37,7,live,CLUB,,CLUB,CLUB,Κλαμπ,
COACH,511,481,28,6,live,ALLENATORE,,ENTRENADOR,ENTRAÎNEUR,Πούλμαν,
COAL,467,513,141,5,live,CARBONE ,,CARBÓN,CHARBON,Κάρβουνο,
COARSE,520,491,71,6,live,RUVIDO,,ÁSPERO,GROSSIER/ÈRE,Τραχύς,
COAST,441,462,12,7,live,COSTA,,COSTA,CÔTE,ακτή,
COAT,487,467,31,8,live,CAPPOTTO,,ABRIGO,MANTEAU,παλτό,
COCK,497,515,4,7,live,GALLO,,GALLO,COQ,Κόκορας,
COCKPIT,562,564,48,8,live,CABINA ,,CABINA,COCKPIT,Πεδίο μαχών,
COCKTAIL,573,559,13,4,live,COCKTAIL,,CÓCTEL,COCKTAIL,Κοκτέιλ,
CODE,456,449,63,7,live,CODICE,,CÓDIGO,CODE,Κώδικας,
COFFEE,467,457,60,8,live,CAFFE',,CAFÉ,CAFÉ,Καφές,
COFFIN,537,559,4,7,live,BARA,,ATAÚD,CERCUEIL,Φέρετρο,
COIL,502,504,47,4,live,SPIRALE,,BUCLE,SPIRE,Σπείρα,
COIN,547,548,13,6,live,MONETA,,MONEDA,PIÈCE,Κέρμα,
COKE,572,561,5,5,live,CARBURANTE,,COCA,COKE,κόκα,
COLD,564,549,6,4,live,FREDDO,,FRÍO,FROID,Κρύο,
COLLAR,459,497,37,4,live,COLLETTO,,CUELLO,COL,Κολάρο,
COLOGNE,608,631,9,4,live,COLONIA,,COLONIA,EAU DE COLOGNE,Κολόνια,
COLONEL,576,601,34,4,live,COLONNELLO,,CORONEL,COLONEL,Σμήναρχος,
COLONY,533,556,115,6,live,COLONIA,,COLONIA,COLONIE,Αποικία,
COLOR,587,614,7,6,live,COLORE,,COLOR,COULEUR,Χρώμα,
COLUMN,568,553,17,8,live,COLONNA,,COLUMNA,COLONNE,Στήλη,
COMBUSTION,544,538,10,7,live,COMBUSTIONE,,QUEMA,COMBUSTION,Καύση,
COMMANDER,593,607,19,7,live,COMANDANTE,,CAPITÁN,COMMANDANT,Αρχηγός,
COMMERCIAL,608,562,38,6,live,PUBBLICITà,,COMERCIAL,COMMERCIAL,Εμπορικός,
COMMITTEE,578,536,12,5,live,COMITATO,,COMITÉ,COMITÉ,επιτροπή,
COMPACT,502,478,51,6,live,COMPATTO,,ACUERDO,COMPACT,Συμπαγής,
COMPOSER,502,443,88,5,live,COMPOSITORE,,MÚSICO,COMPOSITEUR/TRICE,Συνθέτης,
COMRADE,621,632,29,3,live,COLLEGA,,CAMARADA,CAMARADE,Σύντροφος,
CONCRETE,587,592,7,6,live,CEMENTO,,HORMIGÓN,BÉTON,μπετό,
CONE,464,429,23,5,live,CONO,,CONO,CÔNE,χωνί,
CONFERENCE,606,562,5,5,live,CONGRESSO,,CONGRESO,CONFÉRENCE,Διάσκεψη,
CONNOISSEUR,408,488,11,5,live,ESPERTO,,EXPERTO,CONNAISSEUR/EUSE,Γνώστης,
CONTACT,621,557,20,5,live,CONTATTO,,CONTACTO,CONTACT,επαφή,
CONTINENT,541,492,15,8,live,CONTINENTE,,ÁREA,CONTINENT,Ήπειρος,
CONTRACT,523,486,36,4,live,CONTRATTO,,CONTRATO,CONTRACT,Σύμβαση,
CONVENT,520,526,3,5,live,CONVENTO,,CONVENTO,COUVENT,Μονή,
CONVENTION,514,501,55,5,live,NORMA ,,COSTUMBRE,CONVENTION,Σύμβαση,
COOK,546,548,53,5,live,CUCINARE,,COCINAR,CUIRE,Μάγειρας,
COPPER,586,602,19,5,live,RAME,,COBRE,CUIVRE,Χαλκός,
CORAL,564,576,3,8,live,CORALLO,,CORAL,CORAIL,Κοράλι,
CORD,571,553,4,7,live,SPAGO,,CUERDA,CORDON,Κορδόνι,
CORE,541,497,3,5,live,CENTRO,,CENTRO,CENTRE,Πυρήνας,
CORK,436,478,48,3,live,SUGHERO,,CORCHO,LIÈGE,Φελλός,
CORKSCREW,587,579,23,7,live,CAVATAPPI,,TIRABUZÓN,TIRE-BOUCHON,Ανοικτήρι,
CORN,539,558,45,3,live,MAIS,,MAÍZ,MAÏS,Καλαμπόκι,
CORNER,577,556,13,4,live,ANGOLO,,ESQUINA,COIN,Γωνία,
CORPSE,447,520,45,5,live,SALMA,,CADÁVER,CADAVRE,Πτώμα,
CORRESPONDENT,505,488,27,8,live,CORRISPONDENTE,,REPORTERO,CORRESPONDANT/E,Ανταποκριτής,
CORRIDOR,430,460,192,3,live,CORRIDOIO,,PASILLO,COULOIR,Δίδρομος,
COSTUME,603,626,15,3,live,MASCHERA,,DISFRAZ,COSTUME,στολή,
COTTAGE,565,537,19,5,live,COTTAGE,,CABAÑA,COTTAGE,Καλύβα,
COTTON,406,443,33,6,live,COTONE,,ALGODÓN,COTON,Βαμβάκι,
COUCH,528,530,7,4,live,DIVANO,,SOFÁ,CANAPÉ,Καναπές,
COUSIN,502,510,90,5,live,CUGINO,,PRIMO,COUSIN,Ξάδερφος,
COVER,558,551,31,6,live,COPRIRE,,CUBRIR,COUVERTURE,Σκέπασμα,
COW,497,586,185,4,live,MUCCA,,VACA,VACHE,Αγελάδα,
CRADLE,419,622,43,8,live,CULLA,,CUNA,BERCEAU,Κούνια,
CRAFT,514,501,103,4,live,MESTIERE,,OFICIO,ARTISANAT,Σκάφος,
CRANE,501,586,28,4,live,GRU,,GRULLA,GRUE,Γερανός,
CRAWL,492,575,15,8,live,GATTONARE,,GATEAR,RAMPER,αργή πορεία,
CREAM,429,520,174,4,live,PANNA,,NATA,CRÈME,Κρέμα,
CREATURE,566,539,23,4,live,CREATURA,,CRIATURA,CRÉATURE ,Πλάσμα,
CREW,400,498,109,4,live,SQUADRA,,EQUIPO,ÉQUIPE,Πλήρωμα,
CROOK,631,624,13,4,live,BANDITO,,BANDIDO,BANDIT,Απατεώνας,
CROSS,406,521,125,6,live,SUPERARE,,CRUZAR,CROIX,Σταυρός,
CROWD,494,499,7,5,live,FOLLA,,MULTITUD,FOULE,Πλήθος,
CROWN,422,464,4,6,live,CORONA,,CORONA,COURONNE,Στέμμα,
CRUCIFIX,607,622,12,7,live,CROCIFISSO,,CRUZ,CRUCIFIX,Σταύρος,
CRUISER,455,435,17,6,live,CRUISER,,CRUCERO,CROISEUR,Θαλαμηγός,
CRUMB,495,495,7,5,live,BRICIOLA,,MIGA,MIETTE,Ψίχα,
CRY,583,574,65,4,live,PIANGERE,,GRITO,CRI,Κλάμα,
CRYSTAL,578,559,3,3,live,CRISTALLO,,CRISTAL,CRISTAL,Κρύσταλλο,
CUP,610,623,8,7,live,TAZZA,,TAZA,COUPE,Φλιτζάνι,
CURB,449,486,21,4,live,CORDONE,,FRENO,FREIN,Χαλινάρι,
CURVE,402,450,19,3,live,CURVA,,CURVA,COURBE,Καμπύλη,
CUSTOMER,582,590,4,4,live,CLIENTE,,CLIENTE,CLIENT,Πελάτης,
CUT,542,570,91,6,live,TAGLIARE,,TAJO,COUPE,τομή,
DAD,479,456,6,3,live,PAPà,,PAPÁ,PAPA,Μπαμπάς,
DAIRY,564,547,43,4,live,CASEIFICIO,,LECHERÍA,LAITERIE,Γαλακτοκομείο,
DAMAGE,405,505,26,8,live,DANNO,,DAÑO,DOMMAGE,Βλάβη,
DAME,553,575,6,4,live,SIGNORA,,DAMA,FEMME,κυρά,
DANCE,504,487,53,7,live,BALLO,,BAILE,DANSE,Χορός,
DANCER,462,453,41,7,live,BALLERINO,,BAILARÍN,DANSEUR,Κίνδυνος,
DARK,555,558,10,5,live,BUIO,,OSCURO,SOMBRE,Σκότος,
DARKNESS,494,586,23,4,live,OSCURITà,,OSCURIDAD,OBSCURITÉ,Σκοτάδι,
DATE,547,598,5,6,live,DATA,,FECHA,DATE,ραντεβού,
DAWN,570,559,8,4,live,ALBA,,ALBA,AUBE,αυγή,
DAYLIGHT,575,600,100,6,live,LUCE,,ALBA,ENSOLEILLEMENT,Φως,
DEAD,610,636,75,3,live,MORTE,,MUERTO,MORT,Νεκρός,
DECK,588,565,10,4,live,PONTE,,CUBIERTA,PONT,Κατάστρωμα,
DECORATION,575,611,46,6,live,ADDOBBO,,ADORNO,DÉCORATION,Στόλισμα,
DEEP,517,557,17,4,live,PROFONDO,,PROFUNDO,PROFOND,βαθύ,
DEER,578,548,15,7,live,CERVO,,CIERVO,CERF,Ελάφι,
DEGREE,530,556,13,3,live,GRADO,,GRADO,DEGRÉ,Βαθμός,
DELTA,627,558,13,5,live,DELTA,,DELTA,DELTA,Δέλτα,
DELUGE,588,616,4,4,live,DILUVIO,,ALUVIÓN,DÉLUGE,Κατακλυσμός,
DENTIST,591,540,18,5,live,DENTISTA,,DENTISTA,DENTISTE,Οδοντίατρος,
DEPUTY,442,435,56,4,live,VICE,,SUSTITUTO,ADJOINT,Βουλευτής,
DERBY,595,595,67,5,live,DERBY,,DERBY,MATCH,Καπέλο,
DESK,516,571,33,5,live,SCRIVANIA,,BURÓ,BUREAU,Γραφείο,
DETECTIVE,549,553,82,5,live,ISPETTORE,,POLICÍA,INSPECTEUR,Ντετέκτιβ,
DETONATION,553,567,49,6,live,DETONAZIONE,,CEBADOR,DÉTONATION,Έκρηξη,
DEW,558,582,5,7,live,RUGIADA,,ROCÍO,ROSÉE,δροσιά,
DIAMOND,555,564,24,4,live,DIAMANTE,,DIAMANTE,DIAMANT,Διαμάντι,
DIET,602,599,11,4,live,DIETA,,DIETA,RÉGIME,Δίαιτα,
DIM,606,632,9,4,live,DIOCO,,TENUE,FAIBLE,Αμυδρός,
DIME,456,494,5,4,live,DIECI CENTESIMI,,CENTAVOS,CENTIME,Δεκάρα,
DINNER,508,480,11,4,live,CENA,,CENA,DÎNER,Δείπνο,
DIP,551,562,3,5,live,CUNETTA,,CUESTA,CANIVEAU,βουτιά,
DIRT,502,528,4,4,live,SPORCO,,TIERRA,SALE,Βρωμιά,
DISASTER,455,575,9,4,live,DISASTRO,,DESASTRE,DÉSASTRE,συμφορά,
DISC,550,549,70,4,live,DISCO,,DISCO,DISQUE,Δίσκος,
DISCHARGE,452,506,16,5,live,SCARICO,,DESCARGA,ÉCHAPPEMENT,απαλλάσω,
DISEASE,523,534,13,8,live,MALATTIA,,AFECCIÓN,MALADIE,Νόσος,
DISPLAY,616,601,5,5,live,DISPLAY,,MONITOR,ÉCRAN,Επίδειξη,
DISSECTION,640,597,29,3,live,DISSEZIONE,,DISECCIÓN,DISSECTION,ανατομή,
DITCH,500,435,12,4,live,CANALE,,ZANJA,FOSSÉ,Χαντάκι,
DIVE,580,580,150,5,live,TUFFARSI,,SUMERGIR,PLONGER,Κατάδυση,
DIVING,580,532,5,5,live,IMMERSIONE,,SALTO,PLONGÉE,Κατάδυση,
DOCK,486,563,61,3,live,MOLO,,DÁRSENA,QUAI,Λιμάνι,
DOCTOR,485,536,32,6,live,DOTTORE,,DOCTOR,MÉDECIN,Γιατρός,
DOG,415,556,10,4,live,CANE,,PERRO,CHIEN,Σκύλος,
DOLL,465,495,78,4,live,BAMBOLA,,MUÑECA,POUPÉE,Κούκλα,
DOLLAR,566,474,3,7,live,DOLLARO,,DÓLAR,DOLLAR,Δολάριο,
DOME,613,599,12,3,live,CUPOLA,,CÚPULA,DÔME,Θόλος,
DOORWAY,607,602,10,5,live,ENTRATA,,ENTRADA,ENTRÉE,Άνοιγμα,
DOT,628,616,7,8,live,PUNTO,,PUNTO,POINT,τελεία,
DOUGH,579,550,3,3,live,IMPASTO,,MASA,pâte,Ζύμη,
DOVE,449,597,13,7,live,COLOMBA,,PALOMA,COLOMBE,Περιστέρι,
D,613,602,3,7,live,SCARICO,,DESAGÜE,DRAINAGE,Ξηραίνω,
DRAW,527,502,19,7,live,DISEGNARE,,DIBUJAR,DESSINER,Σχεδιάζω,
DRESS,429,470,22,6,live,VESTITO,,VESTIDO,ROBE,Φόρεμα,
DRILL,434,497,88,5,live,TRAPANO,,TALADRO,PERCEUSE,Τρυπάνι,
DRINK,586,595,50,6,live,BERE,,BEBIDA,BOISSON,ποτό,
DRIVER,531,495,42,8,live,AUTISTA,,CONDUCTOR,CHAUFFEUR,Οδηγός,
DRIZZLE,484,493,57,8,live,PIOGGERELLA,,LLOVIZNA,BRUINE,Ψιχαλίζει,
DRUG,579,554,21,8,live,FARMACO,,FÁRMACO,MÉDICAMENT,Φάρμακο,
DRUM,411,440,7,6,live,TAMBURO,,TAMBOR,TAMBOUR,Ντραμ,
DUCK,527,564,19,5,live,PAPERA,,PATO,CANARD,Πάπια,
DUEL,541,474,51,6,live,DUELLO,,DUELO,DUEL,Μονομαχία,
DUKE,439,559,133,7,live,DUCA,,DUQUE,DUC,Δούκας,
DUMMY,467,520,7,7,live,CIUCCIO,,CHUPETE,TÉTINE,Κούκλα,
DUMP,402,456,42,7,live,DISCARICA,,BASURERO,DÉCHARGE,Εγκαταλείπω,
DUSK,634,603,122,3,live,TRAMONTO,,OCASO,CRÉPUSCULE,Σούρουπο,
DUST,565,544,15,6,live,POLVERE,,POLVO,POUDRE,Σκόνη,
DUSTY,586,608,32,7,live,POLVEROSO,,EN POLVO,POUSSIÉREUX,Σκονισμένος,
DWELLING,462,466,25,5,live,DIMORA,,VIVIENDA,DEMEUERE,Κατοικία,
EAGLE,413,439,77,4,live,AQUILA,,ÁGUILA,AIGLE,Αετός,
EAR,433,536,4,5,live,ORECCHIO,,OREJA,OREILLE,αυτί,
EARL,409,547,147,4,live,CONTE,,CONDE,COMTE,Κόμης,
EARTH,557,582,18,3,live,TERRA,,TIERRA,SOL,Γη,
EASEL,565,560,125,4,live,CAVALLETTO,,CABALLETE,CHEVALET,Στρίποδο,
EAT,540,574,60,3,live,MANGIARE,,COMER,MANGER,Τρώω,
EATING,594,646,183,6,live,MANGIARE,,COMIDA,REPAS,Τρώει,
ECHO,416,502,11,7,live,ECO,,ECO,ÉCHO,ηχώ,
EDGE,542,610,3,5,live,BORDO,,BORDE,BORDURE,Άκρη,
EDIFICE,441,440,16,3,live,EDIFICIO,,EDIFICIO,BÂTIMENT,Οικοδομή,
EGG,407,431,92,4,live,UOVO,,HUEVO,OEUF,αυγό,
ELBOW,502,435,63,6,live,GOMITO,,CODO,COUDE,Αγκώνας,
ELECTRICITY,597,611,30,5,live,CORRENTE,,CORRIENTE,ÉLECTRICITÉ,Ηλεκτρισμός,
ELEPHANT,525,518,4,7,live,ELEFANTE,,ELEFANTE,ÉLÉPHANT,Ελέφαντας,
ELM,580,592,11,5,live,OLMO,,OLMO,ORME,φτελιά,
EMBRACE,430,446,5,7,live,ABBRACCIO,,ABRAZO,CALÎN,Περίπτυξη,
EMERALD,492,563,19,5,live,SMERALDO,,ESMERALDA,ÉMERAUDE,σμαράγδι,
EMPEROR,509,472,3,7,live,IMPERATORE,,EMPERADOR,EMPEREUR,Αυτοκράτορας,
EMPIRE,455,543,98,5,live,IMPERO,,IMPERIO,EMPIR,Αυτοκρατορία,
EMPLOYMENT,480,442,81,4,live,IMPIEGO,,EMPLEO,EMPLOI,Εργασία,
ENEMY,502,477,36,7,live,NEMICO,,ENEMIGO,ENNEMI,Εχθρός,
ENGINE,604,562,96,4,live,MOTORE,,MÁQUINA,MOTEUR,μηχανή,
ENGINEER,595,634,187,4,live,INGEGNERE,,INGENIERO,INGÉNIEUR,Μηχανικός,
ENTERTAIN,597,615,35,4,live,INTRATTENERE,,DIVERTIR,ENTRETENIR,Διασκεδάζω,
ENTRANCE,509,599,32,7,live,ENTRATA,,ENTRADA,ENTRÉE,Είσοδος,
ENVELOPE,606,607,16,4,live,BUSTA,,SOBRE,ENVELOPPE,Φάκελος,
ERRAND,582,598,17,5,live,COMMISSIONE,,MANDADO,COMMISSION,Θέλημα,
ESSAY,574,520,4,7,live,SAGGIO,,ENSAYO,ESSAI,Έκθεση,
ESTATE,467,509,3,5,live,PROPRIETà,,HACIENDA,PROPRIÉTÉ,Περιουσία,
EVENING,480,528,21,5,live,SERA,,TARDE,SOIR,Απόγευμα,
EXAMINATION,595,614,5,5,live,ESAME,,EXAMEN,EXAMEN,Εξέταση,
EXECUTIVE,520,510,17,5,live,DIRIGENTE,,EJECUTIVO,DIRIGEANT,Εκτελεστικός,
EXHAUST,597,567,52,5,live,ESAURIRE,,ESCAPE,ÉCHAPPEMENT,Εξάτλιση,
EXPEDITION,451,525,3,5,live,SPEDIZIONE,,ENVÍO,EXPÉDITION,Εκστρατεία,
EXPRESS,477,516,10,5,live,ESPRESSO,,RÁPIDO,EXPRESS,Εξπρές,
EYE,553,598,19,5,live,OCCHIO,,OJO,OEIL,Μάτι,
FABRIC,559,544,158,5,live,TESSUTO,,TEJIDO,TISSU,Ύφασμα,
FACTORY,584,618,23,6,live,FABBRICA,,FÁBRICA,USINE,Φάμπρικα,
FAINT,447,530,11,5,live,SVENIRE,,DESMAYO,ÉVANOUISSEMENT,Λιποθυμία,
FAIR,525,582,33,3,live,CHIARO,,JUSTO/CLARO,CLAIR,Έκθεση,
FAIRY,467,478,4,5,live,FATA,,HADA,FÉE,Νεράιδα,
FALL,577,600,37,4,live,CADERE,,CAÍDA,CHUTE,Πτώση,
FAN,424,435,8,3,live,VENTOLA,,MOLINETE,VENTILATEUR,Ανεμιστήρας,
FARM,556,606,25,3,live,FATTORIA,,GRANJA,FERME,Φάρμα,
FAT,509,495,20,4,live,GRASSO,,GRASA,GRAS,Παχύς,
FATHER,597,539,147,4,live,PADRE,,PADRE,PÈRE,Πατέρας,
FATIGUE,558,597,70,4,live,FATICA,,CANSACIO,FATIGUE,Κούραση,
FEAST,584,597,36,8,live,FESTA,,BANQUETE,FÊTE,Γιορτί,
FEE,470,526,3,8,live,TASSA,,PAGO,,Τέλη,
FELL,608,529,3,7,live,RECINTO,,COLINA,,Τομάρι,
FELLOW,590,596,16,8,live,COLLEGA,,COMPAÑERO,,Σύντροφος,
FENCE,609,633,66,6,live,RECINTO,,VALLA,,Φράκτης,
FENCING,592,598,14,4,live,SCHERMA,,ESGRIMA,,Ξιφασκία,
FERRY,580,559,55,4,live,NAVE,,FERRY,,Πορθμείο,
FERTILE,593,602,18,8,live,FERTILE,,FÉRTIL,,Γόνιμος,
FEVER,605,607,13,3,live,FEBBRE,,FIEBRE,,Πυρετός,
FIELDER,562,508,74,5,live,ESTERNO,,JUGADOR,,Αγωνιστής,
FIGHT,480,521,6,6,live,GUERRA,,LUCHA,,Πάλη,
FILE,511,465,28,7,live,DATI,,ARCHIVO,,Αρχείο,
FILLING,414,445,17,8,live,COPRIRE,,RELLENO,,Πλήρωση,
FILM,450,587,133,6,live,VIDEO,,PELÍCULA,,Ταινία,
FIRE,411,463,5,6,live,FUOCO,,FUEGO,,φωτιά,
FIREPLACE,493,464,7,8,live,CAMINO,,CHIMENEA,,Τζάκι,
FISH,608,595,6,5,live,PESCE,,PEZ,,Ψάρι,
FISHERMAN,612,587,35,5,live,PESCATORE,,PESCADOR,,Ψαράς,
FISHING,559,521,17,4,live,PESCARE,,PESCA,,Ψάρεμα,
FLAG,601,588,13,3,live,DRAPPO,,BANDERA,,Σημαία,
FLAME,600,586,11,7,live,FIAMMA,,FLAMA,,Φλόγα,
FLANNEL,500,479,5,4,live,FLANELLA,,FRANELA,,Φανέλα,
FLARE,450,519,7,5,live,LAMPO,,FULGOR,,αναλαμπή,
FLASH,,,,3,demo,LUCE,,DESTELLO,,Λάμψη,
FLASK,465,575,3,6,live,FIASCO,,TERMO,,Παγούρι,
FLEET,569,566,31,7,live,FLOTTA,,FLOTA,,Στόλος,
FLESH,488,525,6,6,live,CARNI,,CARNE,,Σάρκα,
FLOAT,477,521,123,4,live,BOA,,FLOTADOR,,Επιπλέω,
FLOCK,492,535,22,4,live,STORMO,,BANDADA,,Κοπάδι,
FLOOD,,,,6,demo,DILUVIO,,RIADA,,Πλημμύρα,
FLOOR,572,596,7,7,live,PAVIMENTO,,PISO,,Πάτωμα,
FLOWER,602,635,60,6,live,FIORE,,FLOR,,Λουλούδι,
FLUSH,636,565,4,6,live,ROSSORE,,SONROJO,,Έξαψη,
FLY,552,507,6,7,live,VOLARE,,VOLAR,,Μύγα,
FLYER,554,532,98,3,live,FOGLIO,,FOLLETO,,Αεροπόρος,
FOAM,525,487,4,6,live,SPUMA,,ESPUMA,,Αφρός,
FOE,409,491,3,4,live,NEMICO,,ENEMIGO,,Εχθρός,
FOG,573,545,37,4,live,NEBBIA,,NIEBLA,,Ομίχλη,
FOIL,,,,7,demo,STAGNOLA,,PAPEL DE ALUMINIO,,Ξίφος,
FOOD,597,603,3,5,live,CIBO,,COMIDA,,φαγητό,
FOOT,573,572,4,3,live,PIEDE,,PIE,,Πόδι,
FOOTBALL,464,442,3,4,live,CALCETTO,,FÚTBOL,,Ποδόσφαιρο,
FOOTSTEP,403,432,32,7,live,IMPRONTA,,PISADA,,Βήμα,
FOREARM,515,562,23,5,live,AVAMBRACCIO,,ANTEBRAZO,,Πήχης,
FOREHEAD,533,553,33,4,live,FRONTE,,FRENTE,,Μέτωπο,
FOREIGNER,639,555,23,3,live,STRANIERO,,FORASTERO,,Ξένος,
FOREST,439,536,7,5,live,FORESTA,,BOSQUE,,Δάσος,
FORK,635,585,99,5,live,FORCHETTA,,TENEDOR,,Πιρούνι,
FORT,420,503,5,7,live,FORTE,,FUERTE,,Φρούριο,
FOUNDATION,535,583,13,5,live,FONDAZIONE,,FUNDACIÓN,,Θεμέλιο,
FOUNTAIN,607,596,9,5,live,FONTANA,,FUENTE,,πηγή,
FOX,,,,4,demo,VOLPE,,ZORRO,,αλεπού,
FRAME,,,,5,demo,CORNICE,,MARCO,,Πλαίσιο,
FRATERNITY,482,556,60,4,live,FRATERNITÀ,,HERMANDAD,,Αδελφότης,
FREEZE,636,585,6,4,live,GELARE,,CONGELAR,,Πάγωμα,
FREIGHT,576,594,52,4,live,CARICO,,CARGA,,Φορτίο,
FRICTION,540,616,34,4,live,ATTRITO,,FRICCIÓN,,τριβή,
FRIEND,448,429,7,4,live,AMICO,,AMIGO,,Φίλος,
FRIGID,403,440,13,6,live,GELIDO,,GLACIAL,,Ψυχρός,
FRONTAGE,586,578,16,4,live,FACCIATA,,FACHADA,,Πρόσοψη,
FROST,455,516,30,8,live,GELO,,HELADA,,παγωνιά,
FRUIT,450,504,3,8,live,FRUTTA,,FRUTA,,Φρούτο,
FUEL,611,591,3,5,live,GAS,,GASOLINA,,Καύσιμα,
FUR,553,535,17,5,live,PELICCIA,,PELO,,Γούνα,
FURNACE,562,443,5,8,live,CALDAIA,,HORNO,,Κάμινος,
FURNITURE,599,602,53,5,live,MOBILE,,MUEBLES,,Έπιπλα,
FUSE,432,424,3,5,live,MICCIA,,DETONADOR,,Θρυαλλίς,
FUZZY,535,619,33,5,live,SFOCATO,,BORROSO,,Ασαφής,
GALAXY,587,569,9,6,live,GALASSIA,,GALAXIA,,Γαλαξίας,
GALLERY,606,594,4,5,live,GALLERIA,,GALERÍA,,στοά,
GALLON,471,541,80,4,live,LITRO,,GALÓN,,Γαλόνι,
GAME,460,609,116,5,live,GIOCO,,JUEGO,,Παιχνίδι,
GANG,490,540,20,4,live,BANDA,,BANDA,,Συμμορία,
GARBAGE,506,516,4,5,live,RIFIUTI,,BASURA,,Σκουπίδια,
GARDEN,558,513,186,6,live,GIARDINO,,JARDÍN,,Κήπος,
GARLIC,538,470,14,5,live,AGLIO,,AJO,,Σκόρδο,
GARMENT,517,530,48,5,live,INDUMENTO,,VESTIDO,,ένδυμα,
GAS,519,497,39,5,live,GAS,,GAS,,Αέριο,
GASKET,468,482,36,5,live,GUARNIZIONE,,JUNTA,,Τσιμούχα,
GASP,449,491,22,4,live,SUSSULTO,,SOPLIDO,,Ασθμαίνω,
GATE,612,613,118,3,live,USCITA,,PUERTA,,Πύλη,
GEESE,565,551,51,3,live,OCHE,,GANSO,,Χήνες,
GEM,,,,3,demo,GEMMA,,GEMA,,Κόσμημα,
GENTLEMAN,502,477,10,4,live,GENTILUOMO,,CABALLERO,,Κύριος,
GERM,583,580,148,4,live,GERME,,GERMEN,,Μικρόβιο,
GESTURE,565,559,152,4,live,GESTI,,GESTO,,Χειρονομία,
GIANT,554,570,19,3,live,GRANDE,,GIGANTE,,Γίγαντας,
GIFT,541,565,7,6,live,DONO,,REGALO,,Δώρο,
GIN,605,618,9,6,live,GIN,,GIN,,Τζιν,
GLARE,,,,7,demo,BAGLIORE,,BRILLO,,Αντηλιά,
GLASS,560,576,11,8,live,VETRO,,VIDRIO,,γυαλί,
GLITTER,563,513,10,7,live,LUSTRINI,,PURPURINA,,Λάμψη,
GLOBE,535,562,12,7,live,GLOBO,,MUNDO,,Σφαίρα,
GLOVE,601,562,56,3,live,GUANTO,,GUANTE,,Γάντι,
GOAL,607,527,4,7,live,SCOPO,,OBJETIVO,,Στόχος,
GOAT,623,591,14,4,live,CAPRA,,CABRA,,Γίδα,
GOLD,623,597,19,3,live,ORO,,ORO,,χρυσό,
GOLF,509,521,7,4,live,GOLF,,GOLF,,Γκολφ,
GORE,,,,4,demo,SANGUE,,SANGRE,,Αίμα,
GOSPEL,485,494,14,4,live,VANGELO,,EVANGELIO,,Ευαγγέλιο,
GOWN,605,617,173,5,live,VESTAGLIA,,BATA,,Φόρεμα,
GRADUATE,472,507,97,4,live,LAUREATO,,GRADUADO,,Αποφοιτώ,
GRADUATION,413,495,110,5,live,DIPLOMA,,TÍTULO,,Αποφοίτηση,
GRANDFATHER,579,597,9,4,live,ANZIANO,,ABUELO,,Παππούς,
GRANDMOTHER,631,597,22,3,live,ANZIANA,,ABUELA,,γιαγιά,
GRANULAR,558,502,7,4,live,GRANULOSO,,GRANULAR,,Κοκκώδης,
GRAPE,565,548,22,4,live,VITE,,UVA,,Σταφύλι,
GRAPH,428,483,52,4,live,GRAFICO,,GRÁFICO,,Διάγραμμα,
GRAPHITE,451,430,22,4,live,GRAFITE,,GRAFITO,,Γραφίτης,
GRASS,575,581,40,7,live,ERBA,,CÉSPED,,Γρασίδι,
GRATE,588,607,72,4,live,GRATA,,REJILLA,,Σχάρα,
GRAVE,474,424,6,4,live,TOMBA,,TUMBA,,Τάφος,
GRAVEL,449,494,4,5,live,GHIAIA,,GRAVA,,Χαλίκι,
GRAVY,581,527,3,3,live,SALSA,,SALSA,,Σάλτσα,
GRAY,485,527,58,4,live,GRIGIO,,GRIS,,Γκρίζο,
GREEN,439,629,17,7,live,VERDE,,VERDE,,Πράσινο,
GRIP,611,608,25,5,live,PRESA,,AGARRE,,λαβή,
GROIN,547,558,7,4,live,INGUINE,,INGLE,,αχαμνά,
GROUND,525,541,5,4,live,SUOLO,,SUELO,,Έδαφος,
GROVE,618,566,31,4,live,BOSCO,,ARBOLEDA,,Άλσος,
GUARD,613,624,117,5,live,GUARDIA,,GUARDIA,,φρουρά,
GUEST,596,572,9,4,live,OSPITE,,INVITADO,,Επισκέπτης,
GUIDE,584,602,110,8,live,GUIDA,,GUÍA,,Ξεναγός,
GULF,507,551,130,3,live,GOLFO,,GOLFO,,Κόλπος,
GUN,591,597,126,5,live,ARMA,,ARMA,,Όπλο,
GUY,583,596,7,5,live,UOMO,,CHICO,,Άνθρωπος,
GYMNASTICS,434,536,4,4,live,GINNASTICA,,GIMNASIA,,γυμναστική,
HAIL,410,526,17,6,live,GRANDINE,,GRANIZO,,Χαλάζι,
HAIR,439,503,23,6,live,CAPELLI,,PELO,,μαλλιά,
HALL,416,527,10,4,live,SALA,,SALÓN,,Αίθουσα,
HAM,535,564,18,6,live,PROSCIUTTO,,JAMÓN,,Ζαμπόν,
HAMLET,572,600,3,6,live,BORGO,,BURGO,,χωριό,
HAMMER,549,537,131,7,live,MARTELLO,,MARTILLO,,Σφυρί,
HANDKERCHIEF,589,560,13,3,live,FAZZOLETTO,,PAÑUELO,,Μαντήλι,
HARDWARE,502,431,9,4,live,PROGRAMMA,,HARDWARE,,Σκεύη,
HARNESS,621,635,45,3,live,IMBRAGATURA,,ARNÉS,,Χάμουρα,
HARVEST,,,,4,demo,RACCOLTO,,COSECHA,,Θερισμός,
HAT,438,466,5,8,live,CAPPELLO,,GORRO,,Καπέλο,
HATCHET,,,,5,demo,ACCETTA,,HACHA,,Μπαλτάς,
HAWK,451,497,40,4,live,FALCO,,HALCÓN,,Γεράκι,
HAY,429,475,109,6,live,FIENO,,HENO,,Σανός,
HAZE,622,580,52,6,live,FOSCHIA,,NEBLINA,,Ομίχλη,
HEADQUARTERS,479,499,171,8,live,SEDE CENTRALE,,SEDE,,Αρχηγείο,
HEAP,579,600,11,6,live,MUCCHIO,,MONTÓN,,Σωρεία,
HEART,530,483,16,8,live,CUORE,,CORAZÓN,,καρδιά,
HEAT,497,551,27,6,live,CALORE,,CALOR,,Θερμότητα,
HEAVY,608,589,7,3,live,PESANTE,,PESADO,,Βαρύς,
HEEL,,,,6,demo,TACCO,,TALÓN,,Φτέρνα,
HEN,592,578,9,3,live,GALLINA,,GALLINA,,Κότα,
HERB,593,586,14,6,live,SPEZIE,,ESPECIA,,Βότανο,
HERD,434,424,74,8,live,MANDRIA,,MANADA,,Αγέλη,
HERO,576,508,18,6,live,EROE,,HÉROE,,Ήρωας,
HIDE,584,561,43,4,live,NASCONDERE,,ESCONDER,,Κρύβω,
HIGHWAY,596,643,167,6,live,STRADA,,AUTOVÍA,,Αυτοκινητόδρομος,
HILL,530,520,5,4,live,COLLINA,,COLINA,,Λόφος,
HIND,488,486,5,4,live,RETRO,,TRASERO,,Οπίσθιος,
HOBBY,571,529,17,5,live,SVAGO,,AFICIÓN,,Χόμπι,
HOG,567,551,9,3,live,SUINO,,CERDO,,Γουρούνι,
HOLE,552,460,92,4,live,BUCO,,AGUJERO,,τρύπα,
HOLIDAY,,,,6,demo,VACANZA,,VACACIÓN,,Αργία,
HONEY,635,611,33,6,live,MIELE,,MIEL,,Μέλι,
HONEYMOON,444,512,5,6,live,LUNA DI MIELE,,LUNA DE MIEL,,γαμήλιο ταξίδι,
HOOD,,,,6,demo,CAPPUCCIO,,CAPUCHA,,Κουκούλα,
HOOK,590,608,21,4,live,GANCIO,,GANCHO,,άγκιστρο,
HORIZONTAL,563,569,6,3,live,ORIZZONTALE,,LATERAL,,Οριζόντια,
HORN,532,508,4,7,live,CORNO,,CUERNO,,Κέρατο,
HORSE,595,571,16,3,live,CAVALLO,,CABALLO,,Άλογο,
HOSE,617,573,16,3,live,POMPA,,MANGUERA,,Μάνικα,
HOSPITAL,622,659,16,4,live,OSPEDALE,,HOSPITAL,,Νοσοκομείο,
HOT,560,590,3,5,live,CALDO,,CALIENTE,,ζεστό,
HOTEL,621,572,25,6,live,LOCANDA,,HOTEL,,Ξενοδοχείο,
HOUND,580,585,29,3,live,SEGUGIO,,SABUESO,,Κυνηγόσκυλο,
HOUSEHOLD,557,606,5,6,live,ABITAZIONE,,CASA,,νοικοκυριό,
HOWL,,,,6,demo,URLO,,AULLIDO,,Ουρλιάζω,
HUNGER,424,426,4,4,live,FAME,,HAMBRE,,Πείνα,
HUNGRY,563,509,42,7,live,FAMELICO,,FAMÉLICO,,Πεινασμένος,
HUNT,506,558,77,5,live,CACCIA,,CAZA,,Κυνήγι,
HUNTER,599,593,11,5,live,CACCIATORE,,CAZADOR,,Κυνηγός,
HURDLE,449,506,24,4,live,OSTACOLO,,OBSTÁCULO,,Εμπόδιο,
HURRICANE,477,502,7,8,live,URAGANO,,HURACÁN,,Τυφώνας,
HUSBAND,,,,4,demo,MARITO,,MARIDO,,Σύζυγος,
HUT,540,580,67,4,live,RIFUGIO,,REFUGIO,,Καλύβα,
HYMN,515,451,6,4,live,INNO,,HIMNO,,Ύμνος,
ICE,,,,4,demo,GHIACCIO,,HIELO,,Πάγος,
IGNITION,611,580,3,6,live,ACCENSIONE,,ENCENDIDO,,Ανάφλεξη,
INCH,,,,4,demo,POLLICE,,PULGADA,,Ίντσα,
INCOME,559,542,3,6,live,REDDITO,,RENTA,,Εισόδημα,
INDIAN,597,548,6,8,live,INDIANO,,INDIO,,Ινδός,
INDUSTRY,602,594,3,6,live,INDUSTRIA,,INDUSTRIA,,Βιομηχανία,
INFANT,612,618,88,3,live,BAMBINO,,NIÑO,,Βρέφος,
INFANTRY,485,551,16,4,live,REGGIMENTO,,TROPA,,πεζικό,
INFECTION,536,525,61,3,live,INFEZIONE,,INFECCIÓN,,Μόλυνση,
INJURY,559,585,88,4,live,LESIONE,,HERIDA,,Αδικία,
INK,,,,5,demo,INCHIOSTRO,,TINTA,,Μελάνι,
INN,564,633,17,4,live,LOCANDA,,PENSIÓN,,Πανδοχείο,
INSECT,612,639,5,6,live,INSETTO,,INSECTO,,Έντομο,
INSTITUTE,593,597,35,4,live,ISTITUTO,,INSTITUTO,,Ινστιτούτο,
INSTITUTION,612,633,76,5,live,ISTITUZIONE,,ORGANISMO,,Ίδρυμα,
INSTRUCTOR,579,608,18,6,live,ISTRUTTORE,,INSTRUCTOR,,Εκπαιδευτής,
INSTRUMENT,,,,4,demo,STRUMENTO,,MEDIO,,Όργανο,
INTERIOR,586,520,3,7,live,INTERNO,,INTERIOR,,εσωτερικό,
INTERVIEW,,,,5,demo,INTERVISTA,,ENTREVISTA,,Συνέντευξη,
INVITATION,406,424,4,6,live,INVITO,,CONVITE,,Πρόσκληση,
IODINE,545,506,7,4,live,IODIO,,YODO,,Ιώδιο,
IRON,548,534,6,3,live,FERRO,,HIERRO,,Σίδηρο,
IRRIGATION,,,,6,demo,IRRIGAZIONE,,RIEGO,,Άρδευση,
ISLAND,564,571,80,4,live,ISOLA,,ISLA,,νησί,
ISLE,585,616,54,4,live,ISOLA,,ISLA,,Νήσος,
ITCH,633,614,7,4,live,PRURITO,,PICOR,,Φαγούρα,
IVORY,615,575,18,4,live,AVORIO,,MARFIL,,Ελεφαντόδοντο,
IVY,537,543,30,4,live,EDERA,,HIEDRA,,Κισσός,
JACK,630,575,13,7,live,PRESA,,CLAVIJA,,Γρύλος,
JACKET,540,531,19,3,live,GIACCA,,CHAQUETA,,Σακάκι,
JAGGED,517,491,4,4,live,FRASTAGLIATO,,ESCARPADO,,Οδοντωτός,
JAIL,,,,5,demo,PRIGIONE,,CÁRCEL,,φυλακή,
JAM,578,464,5,5,live,CONFETTURA,,MERMELADA,,μαρμελάδα,
JANITOR,433,528,28,5,live,INSERVIENTE,,CONSERJE,,Επιστάτης,
JAR,411,613,22,8,live,VASO,,TARRO,,Δοχείο,
JAW,576,559,5,7,live,MASCELLA,,MANDÍBULA,,Σαγόνι,
JEEP,588,608,15,4,live,FUORISTRADA,,JEEP,,Τζίπ,
JELLY,569,557,43,6,live,GELATINA,,JALEA,,Ζελές,
JERSEY,543,488,129,4,live,MAGLIA,,JERSEY,,Φανέλα,
JET,487,502,74,6,live,JET,,AVIÓN,,Τζέτ,
JOCKEY,593,608,12,4,live,FANTINO,,JINETE,,Τζόκεϋ,
JOLT,575,586,24,7,live,SCOSSA,,SOBRESALTO,,Τράνταγμα,
JOURNAL,451,564,16,7,live,RIVISTA,,REVISTA,,Εφημερίδα,
JUDGE,561,551,6,8,live,GIUDICE,,JUEZ,,Δικαστής,
JUICE,,,,6,demo,SUCCO,,ZUMO,,Χυμός,
JUMP,626,601,58,3,live,SALTO,,SALTO,,Άλμα,
JUNCTION,608,632,18,5,live,BIVIO,,CRUCE,,Διασταύρωση,
JURY,615,606,3,8,live,GIURIA,,JURADO,,Ένορκοι,
KEEL,,,,5,demo,CARENA,,QUILLA,,Καρίνα,
KENNEL,573,556,12,4,live,CUCCIA,,PERRERA,,Κυνοτροφίο,
KERNEL,404,446,29,6,live,NUCLEO,,NÚCLEO,,Πυρήνας,
KEROSENE,577,595,145,6,live,CHEROSENE,,QUEROSENO,,Πετρέλαιο,
KETTLE,572,515,14,5,live,BOLLITORE,,HERVIDOR,,Βραστήρας,
KEY,409,425,3,4,live,CHIAVE,,LLAVE,,κλειδί,
KICK,564,587,62,7,live,CALCIO,,PATADA,,κλωτσιά,
KID,461,482,23,4,live,RAGAZZO,,CHICO,,παιδί,
KING,400,458,12,7,live,RE,,REY,,Βασιλιάς,
KISS,,,,4,demo,BACIO,,BESO,,φιλί,
KITTEN,590,580,5,4,live,GATTINO,,GATITO,,Γατάκι,
KNEE,590,563,13,4,live,GINOCCHIO,,RODILLA,,Γόνατο,
KNIFE,481,512,12,4,live,COLTELLO,,CUCHILLO,,Μαχαίρι,
KNIGHT,581,551,6,5,live,CAVALIERE,,CABALLERO,,Ιππότης,
KNUCKLE,488,481,16,4,live,NOCCA,,NUDILLO,,Άρθρωση,
LABOUR,454,454,7,5,live,LAVORO,,TRABAJO,,Μόχθος,
LACE,,,,7,demo,PIZZO,,ENCAJE,,Δαντέλα,
LAD,537,513,4,4,live,RAGAZZO,,CHICO,,Μειράκιο,
LADY,627,626,17,4,live,SIGNORA,,SEÑORA,,Λαίδη,
LAKE,590,619,18,3,live,LAGO,,LAGO,,Λίμνη,
LAMB,555,589,48,6,live,AGNELLO,,CORDERO,,Αρνάκι,
LAMP,630,576,43,6,live,LAMPADA,,LÁMPARA,,Λάμπα,
LANDSCAPE,436,446,177,4,live,PAESAGGIO,,PAISAJE,,Τοπίο,
LANE,617,571,16,5,live,CORSIA,,CARRIL,,γραμμή,
LANTERN,,,,6,demo,LANTERNA,,LINTERNA,,Φανός,
LAP,439,461,45,4,live,GIRO,,VUELTA,,αγκαλιά,
LARD,532,462,20,5,live,LARDO,,GRASA,,λαρδί,
LATCH,565,532,23,4,live,SERRATURA,,PESTILLO,,Μάνταλο,
LAUGH,586,569,9,6,live,RISATA,,RISA,,Γέλιο,
LAUGHTER,538,464,19,5,live,RISATA,,RISA,RIRE,Γέλιο,
LAUNDRY,,,,4,demo,BIANCHERIA,,COLADO,BLANCHISSERIE,Πλυντήριο,
LAWN,490,492,21,4,live,PRATO,,CÉSPED,HERBE,Γκαζόν,
LAWYER,542,579,3,4,live,AVVOCATO,,ABOGADO,AVOCAT,Δικηγόρος,
LEAD,409,482,93,4,live,PIOMBO,,PLOMO,PLOMB,καθοδηγώ,
LEADER,,,,5,demo,LEADER,,LÍDER,CHEF,Ηγέτης,
LEAF,534,497,8,6,live,FOGLIA,,HOJA,FEUILLE,Φύλλο,
LEATHER,,,,5,demo,CUOIO,,CUERO,CUIR,Δερμάτινο,
LECTURE,413,448,20,4,live,LEZIONE,,CONFERENCIA,CONFéRENCE,Διάλεξη,
LECTURER,560,530,35,6,live,LETTORE,,PROFESOR,PROFESSEUR,Λέκτορας,
LEG,542,546,7,4,live,GAMBA,,PIERNA,JAMBE,Πόδι,
LEMON,552,602,33,5,live,LIMONE,,LÍMON,CITRON,Λεμόνι,
LEMONADE,569,576,16,4,live,LIMONATA,,LIMONADA,LIMONADE,Λεμονάδα,
LENS,,,,4,demo,LENTE,,LENTE,VERRE,Φακός,
LESSON,,,,8,demo,LEZIONE,,CLASE,LEÇON,μάθημα,
LETTER,578,575,103,7,live,LETTERA,,LETRA,LETTRE,γράμμα,
LEVER,588,588,39,8,live,LEVA,,PALANCA,LEVIER,Μοχλός,
LIAR,560,569,4,8,live,BUGIARDO,,MENTIROSO,FAUX,Ψεύτης,
LIBRARY,,,,5,demo,BIBLIOTECA,,LIBRERÍA,LIBRAIRIE,Βιβλιοθήκη,
LIEUTENANT,550,543,3,6,live,LUOGOTENENTE,,TENIENTE,LIEUTENANT,Υπολοχαγός,
LIFT,,,,8,demo,ASCENSORE,,ASCENSOR,LEVÉE,Ανελκυστήρας,
LIGHTER,513,500,8,8,live,ACCENDINO,,MECHERO,BRIQUET,Αναπτήρας,
LIGHTNING,508,548,47,4,live,FULMINE,,ALUMBRADO,ECLAIRAGE,αστραπή,
LIMB,506,484,3,7,live,ARTO,,MIEMBRO,MEMBRE,Άκρο,
LIME,564,587,37,4,live,CALCE,,CAL,CITRON,Ασβέστης,
LIMOUSINE,,,,4,demo,LIMOUSINE,,LIMUSINA,LIMOUSINE,Λιμουζίνα,
LIMP,406,452,39,7,live,ZOPPIA,,COJERA,BOÎTE,Χαλαρός,
LINEN,523,508,5,5,live,BIANCHERIA,,LENCERÍA,LINGE,Λινό,
LINK,579,628,8,7,live,COLLEGAMENTO,,ENLACE,LIEN,Σύνδεσμος,
LINKS,579,596,48,6,live,COLLEGAMENTI,,ENLACES,LIENS,Συνδέσεις,
LINT,644,534,6,6,live,GARZA,,HEBRA,CHARPIE,στουπί,
LION,565,587,13,3,live,LEONE,,LEÓN,LION,Λιοντάρι,
LIP,534,511,7,5,live,LABBRO,,LABIO,LÈVRE,Χείλος,
LIQUID,611,605,21,6,live,LIQUIDO,,LÍQUIDO,LIQUIDE,υγρό,
LIQUOR,440,497,120,5,live,LIQUORE,,LICOR,LIQUEUR,υγρό,
LITERATURE,549,529,16,4,live,LETTERATURA,,LITERATURA,LITTÉRATURE,Λογοτεχνία,
LIVE,472,494,10,6,live,DIRETTA,,DIRECTA,EN LIGNE,Ζω,
LIVER,,,,8,demo,FEGATO,,HÍGADO,FOIE,Συκώτι,
LOAD,464,434,83,4,live,CARICAMENTO,,CARGA,CHARGE,Φορτώνω,
LOBBY,551,583,155,6,live,ATRIO,,VESTÍBULO,ENTRÉE,Προθάλαμος,
LOCK,486,503,3,6,live,BLOCCO,,BLOQUEO,SERRURE,κλειδαριά,
LOCKER,,,,4,demo,ARMADIETTO,,TAQUILLA,CASIER,Ερμάριο,
LODGE,576,558,6,4,live,LOGGIA,,LOGIA ,LOGER,Οίκημα,
LOOP,498,495,72,6,live,CICLO,,BURGO,BOUCLE,Βρόχος,
LOOT,513,537,5,3,live,BOTTINO,,BOTÍN,BUTIN,Λάφυρο,
LORD,535,490,41,5,live,SIGNORE,,SEÑOR,MAÎTRE,Λόρδος,
LOTION,507,506,21,4,live,LOZIONE,,LOCIÓN,LOTION,Λοσιόν,
LOUD,539,490,174,8,live,FORTE,,RUIDOSO ,FORT,Τρανταχτός,
LUMBER,507,523,38,5,live,LEGNAME,,MADERA ,CHARPENTE,ξυλεία,
LUMP,528,555,6,4,live,NODULO,,NÓDULO,GRUMEAU,Μάζα,
LUNCH,594,622,17,6,live,PRANZO,,ALMUERZO,REPAS,μεσημεριανό,
LUNG,602,573,30,4,live,POLMONE,,PULMÓN,POUMON,Πνεύμονας,
MACHINE,587,618,45,4,live,MACCHINA,,MÁQUINA,MACHINE,μηχανή,
MACHINERY,580,530,5,8,live,MACCHINARIO,,MAQUINARIA,MACHINERIE,Μηχανήματα,
MAGAZINE,571,529,7,5,live,RIVISTA,,REVISTA,COURRIER,περιοδικό,
MAGICIAN,517,551,30,8,live,MAGO,,MAGO,MAGICIEN,Μάγος,
MAGNET,403,451,159,7,live,CALAMITA,,IMÁN,AIMANT,Μαγνήτης,
MAHOGANY,,,,5,demo,MOGANO,,CAOBA,ACAJOU,Μαόνι,
MAIL,413,461,4,4,live,EMAIL,,CORREO,MAIL,Αλληλογραφία,
MALARIA,555,613,5,4,live,MALARIA,,MALARIA,MALARIA,Ελονοσία,
MALE,517,472,20,8,live,MASCHIO,,MASCULINO,MÂLE,Αρσενικός,
MANKIND,537,521,10,7,live,UMANITÀ,,HUMANIDAD,HUMANITÉ,Ανθρωπότητα,
MANOR,459,438,64,7,live,FEUDO,,FEUDO,MANOIR,Τσιφλίκι,
MANSION,582,541,61,5,live,DIMORA,,MANSIÓN,DEMEURE,αρχοντικό,
MANTLE,460,511,48,4,live,MANTELLO,,MANTO,MANTEAU,Μανδύας,
MANURE,421,460,15,7,live,LETAME,,ÉSTIERCOL,FUMIER,κοπριά,
MAP,670,638,49,4,live,MAPPA,,MAPA,CARTE,Χάρτης,
MAPLE,452,522,59,4,live,ACERO,,ARCE,ÉRABLE,Χάρτιζε,
MARBLE,527,432,12,7,live,MARMO,,MÁRMOL,MARBRE,Μάρμαρο,
MARCH,563,584,61,8,live,MARZO,,MARZO,MARS,Μάρτης,
MARE,589,604,5,4,live,GIUMENTA,,YEGUA,POULE,Φοράδα,
MARGIN,605,627,27,6,live,MARGINE,,MARGEN ,MARGE,Περιθώριο,
MARK,597,602,48,7,live,MARCHIO,,MARCA,NOTE,Σημάδι,
MARKET,497,637,14,4,live,MERCATO,,MERCADO,MARCHÉ,αγορά,
MAROON,530,535,5,8,live,MARRONE,,MARRÓN,MARRON,μαρόν,
MAST,545,513,10,8,live,PALO,,MÁSTIL,MÂT,Κατάρτι,
MASTER,486,454,45,4,live,MAESTRO,,MAESTRO,MAÎTRE,Κύριος,
MAT,590,567,4,4,live,TAPPETO,,ALFOMBRA,TAPIS,Χαλάκι,
MATCH,453,470,6,8,live,PARTITA,,PARTIDO,JEU,Αγώνας,
MATE,,,,7,demo,AMICO,,AMIGO,POTE,σύντροφος,
MATERIAL,525,572,3,7,live,MATERIALE,,MATERIAL,MATÉRIEL,υλικό,
MATHEMATICS,570,606,16,4,live,MATEMATICA,,MATEMÁTICAS,MATHÉMATIQUES,μαθηματικά,
MAYOR,566,588,9,6,live,SINDACO,,ALCALDE,MAIRE,Δήμαρχος,
MAZE,508,498,3,7,live,LABIRINTO,,LABERINTO,DÉDALE,Λαβύρινθος,
MEADOW,558,543,21,8,live,PRATO,,CÉSPED,PRAIRIE,Λιβάδι,
MEAL,581,585,60,4,live,PASTO,,COMIDA,REPAS,Γεύμα,
MEAT,548,449,11,6,live,CARNE,,CARNE ,VIANDE,Κρέας,
MECHANIC,478,461,10,6,live,MECCANICO,,MECÁNICO,MÉCANICIEN,Μηχανικός,
MEDAL,575,569,9,4,live,MEDAGLIA,,MEDALLA,MÉDAILLE,Μετάλλιο,
MEDICINE,565,521,56,5,live,MEDICINA,,MEDICINA,MÉDECINE,Φάρμακο,
MEETING,616,629,33,8,live,RIUNIONE,,REUNIÓN,RÉUNION,Συνάντηση,
MELT,624,615,10,5,live,FUSIONE,,FUSIÓN,FONDRE,Λιώνω,
MENU,568,613,103,5,live,MENÙ,,MENÚ,MENU,μενού,
MERCHANT,590,571,29,5,live,MERCANTE,,COMERCIANTE,MARCHAND,Έμπορος,
MERCURY,605,582,32,3,live,MERCURIO,,MERCURIO,MERCURE,Ερμής,
MESSAGE,592,608,4,4,live,MESSAGGIO,,MENSAJE ,MESSAGE,Μήνυμα,
MESSENGER,445,549,75,6,live,MESSAGGERO,,MENSAJERO ,MESSAGER,Αγγελιαφόρος,
METAL,573,553,42,6,live,METALLO,,METAL,MÉTAL,Μέταλλο,
METROPOLIS,,,,8,demo,METROPOLI,,METRÓPOLIS,MÉTROPOLE,Μητρόπολη,
MICROSCOPE,564,585,23,8,live,MICROSCOPIO,,MICROSCOPIO,MICROSCOPE,Μικροσκόπιο,
MILE,595,599,20,7,live,MIGLIO,,MILLA,MILLES,Μίλι,
MILEAGE,538,484,8,6,live,CHILOMETRAGGIO,,KILOMETRAJE,MILES,Μιλιγκλ,
MILK,585,513,10,6,live,LATTE,,LECHE,LAIT,Γάλα,
MINE,598,588,6,4,live,MINIERA,,MINA,LE MIEN,Ορυχείο,
MINERAL,585,582,3,6,live,MINERALE,,MINERAL,MINÉRAL,ορυκτό,
MINISTER,415,436,139,6,live,MINISTRO,,MINISTRO,MINISTRE,Υπουργός,
MINK,471,507,46,6,live,VISONE,,VISÓN,VISON,Βιζόν,
MIRROR,414,513,191,6,live,SPECCHIO,,ESPEJO,MIROIR,Καθρέφτης,
MISSILE,519,535,33,5,live,MISSILE,,MISIL,MISSILE,Βλήμα,
MIST,472,562,37,4,live,FOSCHIA,,NEBLINA,BRUME,Ομίχλη,
MISTRESS,587,622,81,4,live,SIGNORA,,SEÑORA,MAÎTRESSE,Ερωμένη,
MOISTURE,633,606,3,8,live,UMIDITà,,HUMEDAD,HUMIDITÉ,Υγρασία,
MOLD,556,523,3,6,live,MUFFA,,HONGO,MOULE,Μούχλα,
MOLE,608,589,15,6,live,TALPA,,INFILTRADO,TAUPE,Μόλος,
MOLECULE,541,443,9,6,live,MOLECOLA,,MOLÉCULA,MOLÉCULE,Μόριο,
MONARCH,488,486,12,5,live,MONARCA,,MONARCA,MONARQUE,Μονάρχης,
MONK,557,571,20,4,live,MONACO,,MONJE,MOINE,Καλόγερος,
MONKEY,577,540,34,3,live,SCIMMIA,,MONO,SINGE,Πίθηκος,
MONSOON,452,532,6,7,live,MONSONE,,MONZÓN,MOUSSON,Μουσώνας,
MONUMENT,437,484,102,4,live,MONUMENTO,,MONUMENTO,MONUMENT,Μνημείο,
MOON,606,472,8,4,live,LUNA,,LUNA,LUNE,Φεγγάρι,
MOONLIGHT,597,572,7,6,live,CHIARO DI LUNA/CHIARORE,,LUZ DE LUNA,CLAIR DE LUNE,Σεληνόφωτο,
MORTAR,,,,5,demo,MORTAIO/MALTA,,MORTERO,MORTIER,Γουδί,
MOSQUE,452,494,81,4,live,MOSCHEA,,MEZQUITA,MOSQUÉE,τζαμί,
MOSS,515,486,3,3,live,MUSCHIO,,MUSGO,MOUSSE,Βρύο,
MOTOR,437,508,12,3,live,MOTORE,,MOTOR,MOTEUR,Μοτέρ,
MOUNTAIN,542,593,3,5,live,MONTAGNA,,MONTAÑA,MONTAGNE,βουνό,
MOUSE,628,605,60,4,live,TOPO,,RATÓN,SOURIS,Ποντίκι,
MOUTH,525,503,127,4,live,BOCCA,,BOCA,BOUCHE,Στόμα,
MOUTHPIECE,479,467,59,6,live,BOCCAGLIO,,BOQUILLA,EMBOUCHURE,Στόμιο,
MOVIE,529,547,59,5,live,FILM,,PELÍCULA,FILM,Ταινία,
MUD,555,513,4,6,live,FANGO,,BARRO,BOUE,Λάσπη,
MULE,,,,6,demo,MULO,,MULA,MULE,Μουλάρι,
MURDER,,,,3,demo,OMICIDIO,,ASESINATO,MEURTRE,Δολοφονία,
MUSCLE,588,617,17,5,live,MUSCOLO,,MÚSCULO,MUSCLE,Μυς,
MUSICIAN,528,542,13,7,live,MUSICISTA,,MÚSICO,MUSICIEN,Μουσικός,
MUSTARD,586,526,4,6,live,SENAPE,,MOSTAZA,MOUTARDE,Μουστάρδα,
MUTTON,588,590,15,3,live,(CARNE DI) MONTONE,,(CARNE DE) CARNERO,MOUTON,Αρνίσιο κρέας,
MUZZLE,,,,7,demo,MUSERUOLA,,BOZAL,MUSEAU,Ρύγχος,
NAIL,505,489,16,8,live,CHIODO,,CLAVO,ONGLE,Νύχι,
NAPKIN,593,623,34,5,live,TOVAGLIOLO,,SERVILLETA,SERVIETTE,Χαρτοπετσέτα,
NATION,550,593,101,7,live,STATO,,PAÍS,NATION,Έθνος,
NATIVE,581,573,93,3,live,NATIVO,,NATIVO,INDIGÈNE,Ντόπιος,
NATURE,618,578,5,5,live,NATURA,,NATURALEZA,NATURE,Φύση,
NAVAL,632,617,15,5,live,NAVALE,,NAVAL,NAVAL,Ναυτικός,
NAVY,455,462,83,7,live,MARINA,,MARINA,MARINE,Ναυτικό,
NECK,552,487,16,5,live,COLLO,,CUELLO,COU,Λαιμός,
NECKLACE,601,626,23,6,live,COLLANA,,COLLAR,COLLIER,κολιέ,
NECTAR,596,576,12,5,live,NETTARE,,NÉCTAR,NECTAR,Νέκταρ,
NEEDLE,615,594,4,8,live,AGO,,AGUJA,AIGUILLE,Βελόνα,
NEPHEW,,,,6,demo,NIPOTE,,SOBRINO,NEVEU,Ανιψιός,
NERVE,631,572,5,5,live,NERVO,,NERVIO,NERF,Νεύρο,
NEST,502,457,3,5,live,NIDO,,NIDO,NID,φωλιά,
NET,515,487,16,6,live,RETE,,RED,FILET,Δίχτυ,
NEWBORN,468,518,3,8,live,NEONATO,,RECIÉN NACIDO,NOUVEAU-NÉ,Νεογέννητο,
NEWS,593,599,7,4,live,NOTIZIE,,NOTICIAS,NOUVELLE,Νέα,
NEWSPAPER,611,552,5,8,live,GIORNALE,,PERIÓDICO,JOURNAL,Εφημερίδα,
NEWT,,,,3,demo,TRITONE,,TRITÓN,TRITON,Σαλαμάνδρα,
NICKEL,468,425,33,5,live,NICKEL,,NÍQUEL,NICKEL,Νικέλιο,
NIGHTFALL,484,430,43,6,live,IMBRUNIRE,,ANOCHECER,NOCTURNE,Σούρουπο,
NIGHTINGALE,573,521,6,6,live,USIGNOLO,,RUISEÑOR,ROSSIGNOL,Αηδόνι,
NINE,580,529,20,7,live,NOVE,,NUEVE,NEUF,Εννέα,
NIP,571,555,66,4,live,MORSO,,MORDISCO,NICHE,τσιμπώ,
NOD,538,508,4,4,live,CENNO,,INCLINACIÓN (DE CABEZA),CLIN D'OEIL,Νεύμα,
NOOSE,426,502,88,4,live,CAPPIO,,LAZO,COUDE,θηλιά,
NOSE,577,567,37,5,live,NASO,,NARIZ,NEZ,Μύτη,
NOTE,568,565,21,7,live,NOTA,,NOTA,NOTE,Σημείωση,
NOTICE,615,602,59,8,live,AVVISO,,AVISO,REMARQUE,Ειδοποίηση,
NOVEL,579,612,38,6,live,ROMANZO,,NOVELA,ROMAN,Μυθιστόρημα,
NOZZLE,565,437,5,7,live,UGELLO,,BOQUILLA,BUSE,Στόμιο,
NURSE,596,555,22,4,live,INFERMIERA,,ENFERMERA,INFIRMIER,Νοσοκόμα,
NURSERY,586,532,16,3,live,ASILO/VIVAIO,,GUARDERÍA,PÉPINIÈRE,Φυτώριο,
NUTMEG,,,,5,demo,NOCE MOSCATA (?),,NUEZ MOSCADA,MUSCADE,Μοσχοκάρυδο,
OAK,,,,7,demo,QUERCIA,,ROBLE,CHÊNE,Δρυς,
OBSERVER,619,630,9,5,live,TESTIMONE,,TESTIGO ,OBSERVATEUR,Παρατηρητής,
OCEAN,599,590,157,5,live,OCEANO,,OCÉANO,OCÉAN,Ωκεανός,
OFFICER,523,578,25,6,live,AGENTE,,OFICIAL ,OFFICIER,Υπάλληλος,
OIL,,,,8,demo,OLIO,,ACEITE,HUILE,Λάδι,
OLIVE,434,483,11,6,live,OLIVA,,ACEITUNA,OLIVE,ελιά,
ONION,579,573,94,4,live,CIPOLLA,,CEBOLLA,OIGNON,Κρεμμύδι,
OPENING,500,513,32,7,live,APERTURA,,APERTURA,OUVERTURE,Άνοιγμα,
OPIUM,558,525,49,7,live,OPPIO,,OPIO,OPIUM,Όπιο,
ORANGE,,,,8,demo,ARANCIA,,NARANJA ,ORANGE,πορτοκαλί,
ORCHESTRA,559,529,10,5,live,ORCHESTRA,,ORQUESTA,ORCHESTRE,Ορχήστρα,
ORGAN,567,488,17,6,live,ORGANO,,ÓRGANO,ORGUE,Όργανο,
ORNAMENT,562,562,14,7,live,ORNAMENTO,,ORNAMENTO,ORNEMENT,Στολίδι,
OTTER,558,529,13,5,live,LONTRA,,NUTRIA,LOUTRE,Βίδρα,
OUNCE,504,537,44,4,live,ONCIA,,ONZA,ONCE,ουγγιά,
OUTFIT,487,526,86,7,live,COMPLETO,,TRAJE ,TENUE,Εξοπλισμός,
OUTSIDER,472,453,113,7,live,ESTRANEO,,AJENO,OUTSIDER,Ξένος,
OVEN,524,440,38,4,live,FORNO,,HORNO,FOUR,Φούρνος,
OVERCOAT,,,,8,demo,SOPRABITO,,ABRIGO,MANTEAU,Πανωφόρι,
OWNER,432,472,53,7,live,TITOLARE,,PROPIETARIO,PATRON,Ιδιοκτήτης,
OX,617,613,3,5,live,BUE,,BUEY,BOEUF,βόδι,
OXYGEN,,,,6,demo,OSSIGENO,,OXÍGENO,OXYGÈNE,Οξυγόνο,
OYSTER,634,590,6,4,live,OSTRICA,,OSTRA ,HUÎTRE,Στρείδι,
PACKAGE,597,590,9,5,live,PACCO,,PAQUETE,PAQUET,πακέτο,
PAGE,550,540,7,7,live,PAGINA,,PÁGINA,PAGE,Σελίδα,
PAIL,432,494,5,4,live,SECCHIO,,BALDE,SEAU,Κάδος,
PAIN,602,556,4,5,live,DOLORE,,DOLOR,PEINE,Πόνος,
PAINT,432,436,3,4,live,PITTURA,,PINTURA,TABLEAU,μπογιά,
PAINTER,537,538,4,3,live,PITTORE,,PINTOR,PEINTRE,Ζωγράφος,
PAINTING,571,576,18,3,live,DIPINTO,,PINTURA,PEINTURE,ζωγραφική,
PALACE,617,607,34,6,live,PALAZZO,,PALACIO ,PALAIS,Παλάτι,
PALETTE,,,,7,demo,TAVOLOZZA,,PALETA,PALETTE,Παλέτα,
PALM,606,609,25,5,live,PALMO,,PALMA,PALMIER,Παλάμη,
PAN,591,587,13,6,live,PADELLA (?),,SARTÉN,POÊLE,Τηγάνι,
PANTS,,,,7,demo,PANTALONI,,PANTALONES,SLIP,Παντελόνι,
PAPER,562,562,175,6,live,ARTICOLO,,PAPEL,PAPIER,χαρτί,
PARADE,479,445,4,4,live,CORTEO,,CORTEJO,PARADE,Παρέλαση,
PARAGRAPH,557,589,8,3,live,PARAGRAFO,,PÁRRAFO,PARAGRAPHE,Παράγραφος,
PARISH,624,587,54,5,live,PARROCCO,,PÁRROCO,PAROISSE,Ενορία,
PARK,406,425,22,7,live,PARCO,,PARQUE,PARC,Πάρκο,
PARLIAMENT,565,608,14,7,live,CONSIGLIO,,PARLAMENTO ,PARLEMENT,Κοινοβούλιο,
PARTNER,615,630,38,5,live,SOCIO,,SOCIO ,PARTENAIRE,Εταίρος,
PASSAGE,502,513,55,4,live,PASSAGGIO,,PASAJE,PASSAGE,Πέρασμα,
PASSENGER,579,581,162,7,live,TURISTA,,PASAJERO ,PASSAGER,Επιβάτης,
PASTE,613,604,14,3,live,IMPASTO,,MASA,COLLER,Επικόλληση,
PASTOR,588,545,3,4,live,PARROCO,,PREDICADOR,PASTEUR,Πάστορας,
PASTURE,614,635,8,3,live,FORAGGIO,,FORRAJE,PÂTURAGE,βοσκή,
PATCH,609,610,3,6,live,TOPPA,,PARCHE,PARCELLE,κηλίδα,
PATH,504,513,25,4,live,SENTIERO,,CAMINO,VOIE,Μονοπάτι,
PATIENT,610,580,15,4,live,PAZIENTE,,PACIENTE,PATIENT,Ασθενής,
PATTERN,613,624,8,6,live,MOTIVO,,PATRÓN,MOTIF,Πρότυπο,
PAUL,600,576,16,3,live,?,,?,?,Παύλος,
PAYMENT,592,617,14,4,live,PAGAMENTO,,PAGO,PAIEMENT,πληρωμή,
PEACH,483,487,13,4,live,PESCA,,MELOCOTÓN,PÊCHE,Ροδάκινο,
PEAR,602,598,20,4,live,PERA,,PERA,POIRE,Αχλάδι,
PEARL,538,491,5,6,live,PERLA,,PERLA,PERLE,Μαργαριτάρι,
PEASANT,586,526,7,6,live,CONTADINO,,GRANJERO,PAYSAN,Χωρικός,
PECK,593,589,14,3,live,MUCCHIO,,MONTÓN,PIQUE,τσιμπώ,
PEDAL,426,463,48,5,live,PEDALE,,PEDAL,PÉDALE,Πετάλι,
PEEL,535,556,114,5,live,PELLE,,PIEL,PELER,Φλούδα,
PEG,523,578,21,6,live,GANCIO,,GANCHO,PATTE,Πάσσαλος,
PEN,592,598,7,5,live,PENNA,,BOLÍGRAFO ,STYLO,Πένα,
PENCIL,594,605,125,5,live,MATITA,,LAPÍZ,CRAYON,Μολύβι,
PENNY,595,527,22,5,live,PENNY,,PENIQUE,CENTIME,Σεντ,
PEPPER,547,529,72,8,live,PEPE,,PIMIENTA,POIVRE,Πιπέρι,
PERFORMANCE,558,583,23,4,live,spettacolo ,,PERFORMANCE,PERFORMANCE,Εκτέλεση,
PERFORMER,459,501,5,5,live,ARTISTA,,ARTISTA ,INTERPRÈTE,Εκτελεστής,
PERIODICAL,578,558,46,6,live,PERIODICO,,PERIÓDICO,PÉRIODIQUE,Περιοδικός,
PERSON,552,518,99,4,live,PERSONA,,PERSONA,PERSONNE,Άτομο,
PEST,425,486,88,6,live,INSETTO,,INSECTO ,INSECT,Λοιμός,
PET,527,513,10,6,live,ANIMALE,,MASCOTA,ANIMAL,Κατοικίδιο,
PHONE,577,579,18,4,live,TELEFONO,,TELÉFONO,PORTABLE,Τηλέφωνο,
PHOTOGRAPH,535,494,19,6,live,FOTOGRAFO,,FOTOGRAFÍA,PHOTOHRAPHIE,Φωτογραφία,
PHYSICIAN,429,488,9,4,live,MEDICO,,MÉDICO,PHYSICIEN,Γιατρός,
PHYSICS,584,526,11,6,live,FISICA,,FÍSICA,PHYSIQUE,φυσική,
PIANIST,495,524,4,4,live,PIANISTA,,PIANISTA,PIANISTE,Πιανίστας,
PIANO,623,599,25,4,live,PIANO,,PIANO,PIANO,Πιάνο,
PICK,611,642,10,4,live,SCELTA/PICCONE,,ESCOGER,CHOIX,Διαλέγω,
PICTURE,573,577,111,4,live,IMMAGINE,,IMAGEN,PHOTO,Εικόνα,
PIE,593,576,40,4,live,TORTA,,PASTEL,TARTE,Πίτα,
PIER,596,586,43,5,live,BANCHINA,,EMBARCADERO,QUAI,Αποβάθρα,
PIG,585,522,10,4,live,MAIALE,,CERDO,COCHON,Γουρούνι,
PIGEON,,,,8,demo,PICCIONE,,PICHÓN,PIGEON,Περιστέρι,
PILE,531,546,21,4,live,CUMULO,,PILA,CUMULUS,Σωρός,
PILL,545,505,3,6,live,PILLOLA,,PASTILLA,PILULE,Χάπι,
PILLOW,570,565,17,8,live,CUSCINO,,ALMOHADA,OREILLER,Μαξιλάρι,
PIN,533,518,84,4,live,SPILLO,,ALFILER,ÉPINGLE,Καρφίτσα,
PINE,592,600,4,6,live,PINO,,PINO,PIN ,Πεύκο,
PINEAPPLE,584,598,28,3,live,ANANAS,,PIÑA,ANANAS,Ανανάς,
PINT,629,617,15,6,live,PINTA,,PINTA,PINTE,Πίντα,
PIPE,515,553,28,5,live,CONDOTTO,,CONDUCTO ,TUYAU,Σωλήνας,
PIPING,513,524,28,6,live,TUBATURE,,TUBERÍA,TUYAUTERIE,Σωλήνωση,
PISTON,575,569,21,7,live,PISTONE,,PISTÓN,PISTON,Έμβολο,
PIT,464,500,7,4,live,BUCA,,FOSO,FÛT,Λάκκος,
PLAIN,561,568,16,6,live,PIANURA,,LLANURA,PLAINE,Πεδιάδα,
PLANE,542,606,33,6,live,AEREO,,AVIÓN,AVION,Αεροπλάνο,
PLANET,568,547,10,8,live,PIANETA,,PLANETA,PLANÈTE,Πλανήτης,
PLANK,570,593,42,6,live,ASSE,,TABLÓN,PLANCHE,Σανίδα,
PLANT,548,565,7,8,live,PIANTA,,PLANTA,PLANTE,φυτό,
PLATE,474,517,28,5,live,PIATTO,,PLATO,PLAT,Πιάτο,
PLATFORM,516,435,87,7,live,BINARIO,,PLATAFORMA,PLATEAU,Πλατφόρμα,
PLUG,510,572,15,7,live,PRESA,,ENCHUFE,FICHE,Βύσμα,
PLUMB,474,450,7,4,live,PIOMBO,,PLOM,APLOMB,Βαρίδι,
POCKET,460,466,156,8,live,TASCA,,BOLSILLO ,POCHE,Τσέπη,
POET,450,467,5,7,live,POETA,,POETA,POÈTE,Ποίημα,
POETRY,409,427,4,5,live,POESIA,,POESÍA,POÉSIE,Ποίηση,
POISON,562,551,4,6,live,VELENO,,VENENO ,POISON,Δηλητήριο,
POLE,556,556,11,4,live,PALO/POLO,,POSTE,POTEAU,Πόλος,
POLICEMAN,548,527,5,5,live,VIGILANTE,,POLICÍA,POLICIER,Αστυνομικός,
POLISH,570,572,20,5,live,POLACCO,,POLACO,POLONAIS,Στίλβωση,
POLITICIAN,572,567,14,5,live,POLITICO,,POLÍTICO ,POLITICIEN,Πολιτικός,
POLL,449,510,10,6,live,ELEZIONE,,PISCINA,VOTE,Ψηφοφορία,
POLLEN,580,559,14,6,live,POLLINE,,POLEN,POLLEN,Γύρη,
POLLUTION,459,446,9,5,live,DEGRADO ,,CONTAMINACIÓN,POLLUTION,Ρύπανση,
POLO,504,545,3,5,live,POLO,,POLO,POLO,Πόλο,
POND,509,531,34,7,live,STAGNO,,ESTANQUE,ÉTANG,Λιμνούλα,
PONY,537,612,41,5,live,PONY,,PONY,PONEY,πόνυ,
POOL,595,530,9,5,live,PISCINA,,PISCINA,PISCINE,Πισίνα,
POPE,572,557,13,5,live,PAPA,,PAPA,POPE,Πάπας,
PORCH,635,611,11,6,live,PORTICO,,PORCHE,PORHCE,Βεράντα,
PORK,463,457,103,4,live,MAIALE,,CERDO,PORC,χοιρινό,
PORT,535,439,9,4,live,PORTO,,PUERTO,PORT,Λιμάνι,
PORTAL,562,530,5,6,live,PORTALE,,PORTAL,PORTAIL,Πύλη,
PORTRAIT,615,613,120,5,live,RITRATTO,,RETRATO,PORTRAIT,Πορτρέτο,
POST,,,,6,demo,POSTA,,CORREO,POSTE,Θέση,
POSTER,407,476,10,4,live,POSTER,,AFICHE,AFFICHE,Αφίσα,
POT,540,556,16,4,live,VASO,,MACETA,POTEAU,Δοχείο,
POTATO,579,596,58,8,live,PATATA,,PAPA,PATATE,Πατάτα,
POUND,600,618,70,4,live,STERLINA,,LIBRA,LIVRE,Λίρα,
POWDER,597,550,11,4,live,POLVERE,,POLVO,PUDRE,Σκόνη,
PRAIRIE,538,527,6,4,live,PRATERIA,,PRADERA,PRAIRIE,Λειμών,
PREY,561,519,27,5,live,PREDA,,PRESA,PROIE,Λεία,
PRIEST,472,565,5,4,live,PRETE,,CURA,PRÊTRE,Ιερέας,
PRINCE,624,588,6,3,live,PRINCIPE,,PRÍNCIPE,PRINCE,Πρίγκιπας,
PRINCESS,549,554,5,6,live,DAMIGELLA,,PRINCESA,PRINCESSE,Πριγκίπισσα,
PRISON,470,556,19,3,live,PRIGIONE,,PRISIÓN,PRISON,φυλακή,
PRISONER,420,499,173,4,live,DETENUTO,,PRISIONERO,PRISONNIER,Φυλακισμένος,
PRIZE,402,455,51,4,live,PREMIO,,PREMIO,PRIX,Βραβείο,
PROCESSION,439,497,18,5,live,CORTEO,,PROCESIÓN,PROCESSION,πομπή,
PRODUCT,474,432,4,7,live,PRODOTTO,,PRODUCTO,PRODUIT,Προϊόν,
PROFESSOR,420,504,13,8,live,DOCENTE,,PROFESOR,PROFESSEUR,Καθηγητής,
PROFILE,476,495,8,7,live,PROFILO,,PERFIL,PROFIL,Προφίλ,
PROMENADE,558,591,137,6,live,GIRATA,,PASEO ,PROMENADE,Περίπατος,
PROP,517,494,33,6,live,SOSTEGNO,,UTILERÍA,SUPPORT,Στήριγμα,
PROPERTY,501,585,197,3,live,QUALITÀ,,PROPIEDAD,PROPRIÉTÉ,Ιδιοκτησία,
PROPHET,564,520,5,4,live,PROFETA,,PROFETA,PROPHÈTE,Προφήτης,
PROPRIETOR,402,476,4,6,live,PADRONE,,DUEÑO,PROPRIÉTAIRE,Ιδιοκτήτης,
PROSECUTOR,441,459,76,6,live,ACCUSA,,FISCALÍA,PROCUREUR,Κατήγορος,
PSALM,500,483,26,8,live,SALMO,,SALMO,PSAUME,ψαλμός,
PSYCHOLOGIST,537,478,3,4,live,ANALISTA,,PSICÓLOGO,PSYCHOLOGUE,Ψυχολόγος,
PULPIT,528,481,6,5,live,PULIPITO,,PÚLPITO,CHAIRE,αμβώνας,
PUMP,437,469,21,4,live,POMPA,,INFLADOR,POMPE,Αντλία,
PUNCH,510,487,8,7,live,PUGNO,,PUÑO,POINÇON,γροθιά,
PUPIL,499,523,12,6,live,ALLIEVO,,ALUMNO,ÉLÈVE,Μαθητής,
PURSE,400,502,8,6,live,BORSA,,CARTERA,BOURSE,Πορτοφόλι,
PUZZLE,592,629,14,8,live,PUZZLE,,ROMPECABEZAS,ÉNIGME,Παζλ,
PYTHON,434,475,3,5,live,PITONE,,PITÓN,PYTHON,Πύθων,
QUACK,600,563,12,6,live,QUA,,CHARLATÁN,COIN-COIN,Αγύρτης,
QUART,608,506,33,4,live,QUARTO,,CUARTO,QUART,Τέταρτο,
QUARTER,424,483,49,4,live,QUARTO,,CUARTO ,QUATRIÈME,Τέταρτο,
QUEEN,547,543,18,5,live,REGINA,,REINA,REINE,Βασίλισσα,
QUILL,606,581,63,5,live,PENNA,,PLUMA,PENNE,Πέννα,
RABBI,411,488,24,5,live,RABBINO,,RABINO,RABBIN,Ραββίνος,
RABBIT,511,509,5,3,live,CONIGLIO,,CONEJO,LAPIN,Κουνέλι,
RACE,593,601,47,4,live,RAZZA,,RAZA,RACE,Αγώνας,
RACK,414,548,7,4,live,SCAFFALE,,ESTANTE,SUPPORT,Ράφι,
RACKET,585,633,165,5,live,RACKET,,RAQUETA,RAQUETTE,Ρακέτα,
RADIO,583,609,197,4,live,RADIO,,RADIO,RADIO,Ράδιο,
RAID,437,526,13,4,live,ASSALTO,,REDADA,INCURSION,επιδρομή,
RAIL,440,484,10,7,live,BINARIO,,ANDÉN,CHEMIN DE FER,Ράγα,
RAILROAD,600,612,75,4,live,FERROVIA,,FERROCARRIL,VOIE FERRÉE,Σιδηρόδρομος,
RAIN,583,520,4,6,live,PIOGGIA,,LLUVIA,PLUIE,βροχή,
RAKE,645,612,7,6,live,RASTRO,,RASTRILLO,RÂTEAU,Στέκα,
RAMP,591,549,18,3,live,RAMPA,,RAMPA,RAMPE,Ράμπα,
RANCH,457,496,35,4,live,RANCH,,RANCHO,RANCHE,Ράντσο,
RAPE,586,604,59,4,live,STUPRO,,VIOLACIÓN,VIOL,Βιασμός,
RAT,558,565,30,4,live,RATTO,,RATA,RATE,Αρουραίος,
RATTLE,608,596,15,4,live,SONAGLIO,,SONAJERO,CRÉCELLE,Κουδουνίστρα,
RATTLESNAKE,608,623,86,4,live,CROTALO,,CASCABEL,CROTALE,Κροταλίας,
RAY,452,491,41,5,live,RAGGIO,,RAYO,RAYON,Ακτίνα,
READ,438,559,81,5,live,LEGGERE,,LEER,LIRE,Ανάγνωση,
REAR,440,447,43,5,live,RETRO,,TRASERO,ARRIÈRE,Όπισθεν,
REBEL,596,599,15,6,live,RIBELLE,,REBELDE,REBELLE,Επαναστάτης,
RECEIPT,611,591,13,3,live,RICEVUTA,,RECIBO,REÇU,απόδειξη,
RECEIVER,555,543,3,5,live,CORNETTA,,RECEPTOR,REÇEPTEUR,Δέκτης,
RECITAL,600,560,3,3,live,RECITAL,,RECITAL,RÉCITAL,Ρεσιτάλ,
RECORD,532,480,3,4,live,RECORD,,RÉCORD,REGISTRE,ρεκόρ,
RECTANGLE,444,490,123,7,live,FIGURA,,RECTÁNGULO,RECTANGLE,Ορθογώνιο,
RECTOR,553,547,10,4,live,RETTORE,,RECTOR,RECTEUR,Πρύτανης,
RED,506,553,8,5,live,ROSSO,,ROJO,ROUX,Κόκκινο,
REED,600,459,4,3,live,CANNA,,JUNCO,ANCHE,Καλάμι,
REFLEX,582,548,8,4,live,RIFLESSO,,REFLEJO,RÉFLEXE,Αντανάκλαση,
REFRIGERATOR,603,578,25,6,live,FRIGO,,REFRIGERADOR,RÉFRIGÉRETEUR,ψυγείο,
REGION,567,597,12,4,live,REGIONE,,REGIÓN,RÉGION,περιοχή,
REGISTER,595,623,9,5,live,CASSA,,CAJA,ENREGISTRER,εγγραφή,
REIN,456,452,43,6,live,BRIGLIA,,RIENDA,RENGAINE,Ηνίο,
RELIC,,,,6,demo,RELIQUIA,,RELIQUIA,RELIQUE,Λείψανο,
RENT,575,608,12,6,live,AFFITTO,,ALQUILER,LOUER,Ενοίκιο,
RESIDUE,594,570,46,4,live,RESIDUO,,RESIDUO,RÉSIDU,Υπόλειμμα,
RESORT,490,512,4,5,live,RISORSA,,RECURSO,RESSOURCE,Θέρετρο,
RESTAURANT,471,538,3,6,live,TAVERNA,,RESTAURANTE,RESTAURANT,Εστιατόριο,
REVOLT,616,603,28,4,live,RIVOLTA,,REVUELTA,RÉVOLTE,Επανάσταση,
REVOLVER,499,554,6,5,live,REVOLVER,,REVÓLVER,PISTOLET,Περίστροφο,
RHEUMATISM,540,488,3,4,live,REUMA,,REUMATISMO,RHUMATISME,Ρευματισμός,
RHYME,594,561,5,5,live,RIMA,,RIMA,RIME,Ομοιοκαταληξία,
RIBBON,576,569,20,5,live,FIOCCO,,CINTA,RUBAN,Κορδέλλα,
RICE,427,528,22,6,live,RISO,,ARROZ,RIZ,Ρύζι,
RIDE,475,463,60,5,live,PERCORSO,,EXCURSIÓN ,ROULER,Βόλτα,
RIDGE,552,565,10,4,live,CRESTA,,CRESTA,CRÊTE,κορυφογραμμή,
RIFLE,519,587,3,7,live,FUCILE,,RIFLE,FUSIL,Τουφέκι,
RIGID,408,432,106,5,live,RIDIGO,,RÍGIDO,RIGIDE,Άκαμπτος,
RIM,450,451,15,7,live,BORDO,,BORDE,JANTE,Χείλος,
RING,583,590,5,6,live,ANELLO,,ANILLO,BAGUE,Δαχτυλίδι,
RIOT,562,578,8,5,live,RIVOLTA,,MOTÍN,ÉMEUTE,ταραχή,
RIVER,523,543,9,7,live,FIUME,,RÍO,RIVIÈRE,Ποτάμι,
ROAD,479,589,13,6,live,STRADA,,CARRETERA,ROUTE,Δρόμος,
ROAR,596,606,95,3,live,RUGGITO,,RUGIDO,RUGIR,βοή,
ROBBERY,587,563,17,4,live,RAPINA,,ROBO,BRAQUAGE,Ληστεία,
ROCK,538,555,9,4,live,SASSO,,ROCA,ROCHER,Βράχος,
ROCKER,563,481,7,6,live,DONDOLO,,ROCKERO,ROCKER,Κουνιστή καρέκλα,
ROCKET,445,495,105,6,live,RAZZO,,COHETE,ROQUETTE,Ρουκέτα,
ROD,568,574,54,4,live,BASTONE,,VARILLA,TIGE,Ράβδος,
ROLL,593,590,3,7,live,ROTOLO,,RODAR,ROULEAU,ρολό,
ROOF,611,542,41,4,live,TETTO,,TECHO,TOIT,Στέγη,
ROOT,485,480,10,7,live,RADICE,,RAÍZ,RACINE,Ρίζα,
ROPE,459,466,40,4,live,CORDA,,CUERDA,CORDE,σκοινί,
ROSE,444,427,6,6,live,ROSA,,ROSA,ROSE,Τριαντάφυλλο,
ROUGH,511,549,28,8,live,RUVIDO,,BRUTO,BRUT,Τραχύς,
ROUND,515,508,19,7,live,TONDO,,REDONDO,ROND,Γύρος,
ROUTE,533,528,3,7,live,PERCORSO,,RUTA,ROUTE,διαδρομή,
RUBBER,404,439,3,5,live,GOMMA,,GOMA,GOMME,Γόμα,
RUG,564,538,10,5,live,TAPPETO,,ALFOMBRA,TAPIS,χαλί,
RULER,512,584,84,3,live,RIGHELLO,,REGLA,RÈGLE,Χάρακας,
RUM,457,565,36,6,live,RUM,,RON,RHUM,Ρούμι,
RUNG,452,471,85,5,live,SCALINO,,PELDAÑO,ÉCHELON,σκαλί,
RUNNING,606,576,3,5,live,CORSA,,CORRER,COURIR,Τρέξιμο,
RUST,456,484,40,5,live,RUGGINE,,ÓXIDO,ROUILLE,σκουριά,
RUSTY,611,602,11,4,live,OSSIDATO,,OXIDADO,ROUILLE,Σκουριασμένος,
RYE,622,596,23,5,live,SEGALE,,CENTENO,SEIGLE,Σίκαλη,
SACK,608,594,45,5,live,SACCO,,SACO,SAC,Σάκος,
SADDLE,597,581,22,5,live,SELLA,,SILLA,SELLE,Σαμάρι,
SAIL,598,600,3,8,live,VELA,,VELA,VOILE,Ιστίο,
SALAD,576,556,8,6,live,INSALATA,,ENSALADA,SALADE,Σαλάτα,
SALARY,411,537,3,5,live,SALARIO,,SALARIO,SALAIRE,μισθός,
SALOON,615,612,83,4,live,BAR,,SALÓN,SALOON,Σαλόνι,
SALT,616,612,27,5,live,SALE,,SAL,SEL,Αλάτι,
SALTY,455,578,4,6,live,SALATO,,SALADO,SALÉ,Αλμυρός,
SALUTE,600,601,14,4,live,SALUTARE,,SALUDABLE,SALUER,Χαιρετισμός,
SANCTUARY,445,494,27,5,live,TEMPIO,,SANTUARIO,TEMPLE,Άσυλο,
SAND,549,561,63,4,live,SABBIA,,ARENA,SABLE,Άμμος,
SANDY,574,624,61,5,live,SABBIOSO,,ARENOSO,SABLEUX,Αμμώδης,
SASH,467,535,112,4,live,FASCIA,,BANDA,BANDE,Ζώνη,
SATIN,589,577,61,8,live,RASO,,SATÉN,SATIN,Σατέν,
SAUCE,471,484,9,5,live,SALSA,,SALSA,SAUCE,Σάλτσα,
SAUERKRAUT,581,538,5,6,live,CRAUTI,,CHUCRUT,CHOUCROUTE,Ξυνολάχανο,
SAVAGE,588,615,15,6,live,BARBARO,,SALVAJE,SAUVAGE,Άγριος,
SAXOPHONE,481,515,5,6,live,SAX,,SAXOFÓN,SAXO,Σαξόφωνο,
SCALE,562,533,5,7,live,BILANCIA,,BALANZA,BALANCE,Κλίμακα,
SCAR,404,456,51,4,live,SEGNO,,CICATRIZ,SIGNE,ουλή,
SCARLET,444,489,6,8,live,CREMISI,,ESCARLATA,ÉCARLATE,κοκκινος,
SCENE,417,445,6,5,live,SCENA,,ESCENA,SCÈNE,σκηνή,
SCHOLAR,520,534,94,4,live,ERUDITO/DOTTO,,ERUDITO,SAVANT,Λόγιος,
SCHOOLHOUSE,464,513,63,6,live,SCUOLA,,ESCUELA,ÉCOLE,Σχολείο,
SCOTCH,538,510,12,4,live,SCOTCH,,ESCOCÉS,WHISKY,αμυχή,
SCOUT,564,582,29,6,live,SCOUT,,SCOUT,SCOUT,Ανιχνευτής,
SCRATCH,421,527,34,4,live,GRAFFIO,,ARAÑAZO,ÉRAFLURE,Γρατσουνιά,
SCREAM,553,575,10,6,live,GRIDO,,GRITO,CRI,κραυγή,
SEA,590,599,23,4,live,MARE,,MAR,MER,Θάλασσα,
SEAL,575,613,38,6,live,FOCA,,OTARIA,PHOQUE,Σφραγίδα,
SEAM,437,487,67,3,live,CUCITURA,,COSTURA,COUTURE,ραφή,
SEAMAN,535,510,16,6,live,MARINAIO,,MARINERO,MARIN,Ναυτικός,
SEASON,590,615,5,3,live,STAGIONE,,TEMPORADA,SAISON,εποχή,
SEAT,614,638,47,4,live,SEDUTA,,ASIENTO,SIÈGE,Θέση,
SEAWEED,614,573,21,5,live,ALGA,,ALGA,ALGUE,φύκι,
SECRETARY,570,609,3,5,live,MINISTRO,,MINISTRO,MINISTRE,Γραμματέας,
SEED,542,618,58,3,live,SEME,,SEMILLA,SÈME,Σπόρος,
SEGMENT,539,564,30,5,live,SEGMENTO,,SEGMENTO,SEGMENT,Τμήμα,
SELF,484,530,65,5,live,SÉ,,SÍ MISMO,SOI,Εαυτός,
SELLER,587,550,11,6,live,MERCANTE,,VENDEDOR,VENDEUR,Πωλητής,
SERGEANT,443,507,13,5,live,SERGENTE,,SARGENTO,SERGENT,Λοχίας,
SERVANT,504,490,20,5,live,SERVO,,SIRVIENTE,ESCLAVE,Υπηρέτης,
SETTLEMENT,448,497,19,4,live,COLONIA,,COLONIA ,COLONIE,Επίλυση,
SETTLER,585,595,3,7,live,COLONO,,COLONO,COLON,Άποικος,
SEVER,520,508,6,4,live,RECIDERE,,SECCIONAR,COUPER,Κόβω,
SEWER,513,578,19,5,live,FOGNA,,ALCANTARILLA,ÉGOUT,Υπόνομος,
SEX,451,601,4,5,live,SESSO,,SEXO,SEXE,Φύλλο,
SHADOW,402,518,4,5,live,OMBRA,,SOMBRA,OMBRE,σκιά,
SHAPE,450,477,34,5,live,FORMA,,FORMA,FORME,Σχήμα,
SHAWL,475,473,3,5,live,SCIALLE,,CHAL,CHALE,Σάλι,
SHEAR,514,615,58,5,live,TOSARE,,ESQUILAR,TONDRE,Κουρεύω,
SHED,541,615,41,5,live,CAPANNO,,COBERTIZO,CABANE,υπόστεγό,
SHEEP,406,472,42,6,live,PECORA,,OVEJA,MOUTON,Πρόβατο,
SHEEPSKIN,621,627,44,5,live,PELLE (DI PECORA/MONTONE),,BADANA,PEAU,Δέρμα προβάτου,
SHEET,424,472,3,5,live,LENZUOLO,,SÁBANA,DRAP,Σεντόνι,
SHELL,618,597,59,4,live,GUSCIO,,CAPARAZÓN,COQUILLE,Κέλυφος,
SHEPHERD,598,600,22,4,live,PASTORE,,PASTOR,PASTEUR,Βοσκός,
SHIELD,524,570,3,6,live,SCUDO,,ESCUDO,BOUCLIER,Ασπίδα,
SHINY,581,553,4,4,live,LUCENTE,,BRILLANTE,BRILLANT,Λαμπερός,
SHIP,569,467,3,3,live,NAVE,,BARCO,NAVIRE,Πλοίο,
SHIRT,600,544,3,4,live,CAMICIA,,CAMISA,CHEMISE,Πουκάμισο,
SHIVER,629,597,6,4,live,BRIVIDO,,ESCALOFRÍO,FRISSON,Ρίγος,
SHOE,414,476,61,4,live,SCARPA,,ZAPATO,SOULIER,Παπούτσι,
SHOOT,581,566,54,4,live,SPARARE,,DISPARAR,TIRER,Βλαστός,
SHOP,578,578,39,7,live,NEGOZIO,,TIENDA,MAGASIN,Κατάστημα,
SHORE,484,462,18,4,live,COSTA,,ORILLA,COTE,ακτή,
SHOT,491,441,9,6,live,SPARO,,TIRO,TIR,βολή,
SHOULDER,514,578,70,4,live,SPALLA,,HOMBRO,DOS,Ώμος,
SHOUT,497,535,6,7,live,GRIDARE,,GRITAR,HURLER,κραυγή,
SHOVEL,502,486,10,4,live,PALA,,PALA,PELLE,Φτυάρι,
SHOWER,615,604,16,4,live,DOCCIA,,DUCHA,DOUCHE,Ντους,
SHRIEK,458,495,3,4,live,URLO,,AULLIDO,CRI,Σκούζω,
SHUTTER,504,479,3,3,live,SERRANDA,,PERSIANA,VOLET,Παραθυρόφυλλα,
SICK,565,578,10,5,live,MALATO,,ENFERMO,MALADE,Άρρωστος,
SICKNESS,526,539,12,5,live,MALATTIA,,ENFERMEDAD,MALADIE,Ασθένεια,
SIEGE,439,486,3,5,live,ATTACCO,,ASEDIO,ATTAQUE,Πολιορκία,
SIGN,419,488,110,5,live,SEGNO,,SIGNATURA,SIGNE,Σημάδι,
SIGNAL,537,549,49,7,live,SEGNALE,,SEÑAL,SIGNAL,σήμα,
SILK,584,545,7,5,live,SETA,,SEDA,SATIN,Μετάξι,
SILVER,484,503,7,5,live,ARGENTO,,PLATA,ARGENT,ασήμι,
SING,453,447,61,6,live,CANZONE,,CANCIÓN,CHANSON,τραγουδώ,
SINGER,489,562,22,6,live,CANTANTE,,CANTANTE,CHANTEUR,Τραγουδιστής,
SINK,590,592,4,5,live,LAVABO,,FREGADERO,ÉVIER,Νεροχύτης,
SISTER,576,541,5,5,live,SORELLA,,HERMANA,SOEUR,αδερφή,
SIT,417,445,30,5,live,SEDERSI,,SENTARSE,S'ASSEOIR,Καθίστε,
SKETCH,526,466,87,5,live,SCHIZZO,,BOCETO,CROQUIS,Σκίτσο,
SKI,597,577,7,6,live,SCI,,ESQUÍ,SKI,Σκι,
SKIN,614,584,6,5,live,PELLE,,PIEL,PEAU,Δέρμα,
SKIRT,512,507,57,4,live,GONNA,,FALDA,JUPE,Φούστα,
SKULL,514,559,16,5,live,TESCHIO,,ECRÁNEO ,CRANE,Κρανίο,
SKY,524,585,127,6,live,CIELO,,CIELO,CIEL,Ουρανός,
SLAVE,568,532,5,6,live,SCHIAVO,,ESCLAVO,ESCLAVE,Δούλα,
SLEEP,516,610,143,6,live,DORMIRE,,DORMIR,DORMIR,Ύπνος,
SLEEVE,502,459,5,6,live,MANICA,,MANGA,MANCHE,Μανίκι,
SLICE,562,537,30,6,live,FETTA,,TROZO,TRANCHE,Φέτα,
SLIDE,569,586,25,7,live,SCORRERE,,DESPLAZAR,COULER,Ολίσθηση,
SLIP,515,478,113,5,live,SCIVOLARE,,DESLIZAR,GLISSER,Γλιστράω,
SLIPPER,535,533,6,5,live,CIABATTA,,ZAPATILLA,CHAUSSON,Παντόφλα,
SLIT,540,506,20,5,live,TAGLIO,,CORTE,COUPE,σχισμή,
SLOPE,450,471,148,5,live,PENDENZA,,DESNIVEL ,PENTE,Κλίση,
SMACK,574,623,25,4,live,SBERLA,,BOFETADA,GIFLE,Σκαμπίλι,
SMASH,555,497,4,6,live,SPACCARE,,APLASTAR,CASSER,Σπάσιμο,
SMELL,572,554,105,7,live,ODORE,,OLOR,ODEUR,μυρωδιά,
SMELT,600,562,17,6,live,FONDERE,,FUNDIR,COMBINER,Αθερίνα,
SMILE,646,647,10,5,live,SORRISO,,SONRISA,SOURIRE,Χαμόγελο,
SMOKE,552,591,17,5,live,FUMARE,,FUMAR,FUMER,Καπνός,
SMOOTH,586,534,45,5,live,LISCIO,,LISO,LISSE,Λείο,
SNAKE,561,559,9,7,live,SERPENTE,,SERPIENTE,SERPENT,Φίδι,
SNORT,556,533,29,4,live,SBUFFARE,,RESOPLAR,BONDIR,φύσημα,
SNOW,508,483,131,4,live,NEVE,,NIEVE,NEIGE,Χιόνι,
SOAP,603,587,5,4,live,SAPONE,,JABÓN,SAVON ,Σαπούνι,
SOCCER,604,517,39,5,live,CALCIO,,FÚTBOL,FOOTBALL,Ποδόσφαιρο,
SOCK,509,553,5,5,live,CALZINO,,CALCETÍN,BAS,Κάλτσα,
SOD,617,551,37,7,live,ZOLLA,,TERRÓN,MOTTE,Παλούκι,
SODA,614,585,58,5,live,SODA,,SODA,SODA,Σόδα,
SOFA,592,584,8,5,live,DIVANO,,SOFÁ,CANAPÉ,Καναπές,
SOFT,548,506,74,5,live,SOFFICE,,SUAVE,DOUX,απαλό,
SOIL,527,587,26,5,live,TERRA,,SUELO,TERRE,Έδαφος,
SOLDIER,427,491,153,5,live,SOLDATO,,SOLDADO,SOLDAT,Στρατιώτης,
SOLE,413,521,3,5,live,PIANTA,,PLANTA,PLANTE,αποκλειστική,
SONATA,591,592,15,5,live,SONATA,,SONATA,SONATE,Σονάτα,
SONG,404,453,114,8,live,CANZONE,,CANCIÓN,CHANSON,Τραγούδι,
SOPRANO,442,431,7,6,live,SOPRANO,,SOPRANO,SOPRANO,Σοπράνο,
SORE,441,454,40,8,live,DOLENTE,,DOLORIDO,ENDOLORI,πληγή,
SOUP,603,568,15,5,live,ZUPPA,,SOPA,SOUPE,Σούπα,
SOUR,409,462,16,6,live,ACIDO,,AGRIO,ACIDE,ξινό,
SOW,570,556,19,6,live,SCROFA,,CERDA,TRUIE,Συς,
SPADE,550,562,4,6,live,PALA,,PALA,PELLE,Φτυάρι,
SPARK,463,481,19,6,live,SCINTILLA,,CHISPA,ÉCLAT,Σπίθα,
SPASM,429,437,3,5,live,SPASMO,,ESPASMO,SPASME,Σπασμός,
SPEAK,542,495,3,4,live,PARLARE,,HABLAR,PARLER,μιλώ,
SPEAKER,549,603,131,7,live,RELATORE,,ORADOR,ORATEUR,Ομιλητής,
SPEAR,554,565,9,4,live,LANCIA,,LANZA,LANCE,Δόρυ,
SPECIALIST,432,449,18,3,live,ESPERTO,,ESPECIALISTA,EXPERT,Ειδικός,
SPECK,620,595,34,5,live,BRICIOLA,,MIGA,MIETTE,κηλίδα,
SPEECH,545,536,48,4,live,DISCORSO,,DISCURSO,DISCOURS,Ομιλία,
SPHERE,534,487,27,5,live,SFERA,,ESFERA,SPHÈRE,Σφαίρα,
SPICE,591,561,3,7,live,SPEZIA,,ESPECIA,ÉPICE,μπαχαρικό,
SPIRE,563,541,3,6,live,GUGLIA,,AGUJA,FLÈCHE,Οβελίσκος,
SPLIT,439,618,134,6,live,DIVIDERE,,DIVIDIR,DIVISER,Διαίρεση,
SPOKE,617,639,112,3,live,RAGGIO,,RAYO,RAYON,Ακτίνα,
SPONGE,563,629,5,7,live,SPUGNA,,ESPONJA,ÉPONGE,Σφουγγάρι,
SPOON,515,643,17,8,live,CUCCHIAIO/MESTOLO,,CUCHARA,CUILLÈRE,Κουτάλι,
SPOT,525,633,14,6,live,MACCHIA,,MANCHA,TACHE,Σημείο,
SPRAY,527,655,8,8,live,SPRUZZO,,ROCÍO,JET,Σπρέι,
SPRING,563,590,37,6,live,PRIMAVERA,,PRIMAVERA,RESSORT,Άνοιξη,
SPRUCE,547,554,10,7,live,ABETE,,ABETO,SAPIN,Έλατο,
SQUARE,570,600,5,5,live,PIAZZA,,PLAZA,PLACE,Τετράγωνο,
SQUIRE,,,,4,demo,SCUDIERO,,ESCUDERO,ÉCUYER,Αρχών,
STABLE,406,488,3,5,live,STABILE,,ESTABLE,STABLE,Σταθερός,
STADIUM,569,560,23,5,live,STADIO,,ESTADIO,STADE,Στάδιο,
STAFF,476,513,15,5,live,STAFF,,PERSONAL,STAFF,προσωπικό,
STAIN,463,493,70,5,live,CHIAZZA,,GOTA,TACHE,Λεκές,
STAKE,482,572,15,4,live,PALO,,ESTACA,POTEAU,Πάσσαλος,
STAND,548,635,37,8,live,CHIOSCO,,QUIOSCO ,KIOSQUE,Στάση,
STAR,577,597,7,5,live,STELLA,,ESTRELLA,ÉTOILE,Αστέρι,
STARCH,402,447,54,6,live,AMIDO,,ALMIDÓN,AMIDON,Άμυλο,
STATION,604,582,198,5,live,STAZIONE,,ESTACIÓN,GARE,Σταθμός,
STATUE,565,546,4,4,live,STATUA,,ESTATUA,STATUE,Άγαλμα,
STEAK,613,551,24,4,live,BISTECCA,,FILETE,STEAK,Μπριζόλα,
STEAM,445,466,21,5,live,VAPORE,,VAPOR,VAPEUR,Ατμός,
STEEL,422,453,154,4,live,ACCIAIO,,ACERO,ACIER,Ατσάλι,
STEEPLE,439,514,55,4,live,CAMPANILE,,CAMPANARIO,CLOCHER,καμπαναριό,
STEM,478,518,4,4,live,STELO,,TALLO,TIGE,Στέλεχος,
STEP,581,563,12,4,live,PASSO,,PASO,PAS,Βήμα,
STEW,538,541,18,3,live,STUFATO,,GUISO,RAGOÛT,Στιφάδο,
STICK,564,573,35,4,live,RAMETTO,,RAMA,BRANCHE,ραβδί,
STING,597,550,12,3,live,PUNTURA,,PUNCIÓN,PIQÛRE,Τσίμπημα,
STOMACH,464,425,59,5,live,STOMACO,,ESTÓMAGO,ESTOMAC,Στομάχι,
STONE,445,446,197,3,live,PIETRA,,PIEDRA,PIERRE,Πέτρα,
STOOL,609,599,28,3,live,SGABELLO,,TABURETE,TABOURET,σκαμνί,
STORE,569,575,80,7,live,NEGOZIO,,TIENDA,MAGASIN,Κατάστημα,
STORM,492,565,83,4,live,TEMPESTA,,TORMENTA,TEMPÊTE,Καταιγίδα,
STORY,504,550,11,4,live,STORIA,,HISTORIA,HISTOIRE,Ιστορία,
STOUT,618,611,103,5,live,ROBUSTO/AUDACE,,ROBUSTO,ROBUSTE,,
STOVE,565,547,38,6,live,CUCINA,,ESTUFA,CUISINE,Σόμπα,
STRAIGHT,574,634,15,6,live,DRITTO,,RECTO,DROITE,Ευθεία,
STRAND,608,593,20,4,live,SPIAGGIA,,PLAYA,PLAGE,Νήμα,
STRANGER,520,528,119,4,live,ESTRANEO,,EXTRAÑO,ÉTRANGER,Ξένος,
STRAW,498,437,60,4,live,CANNUCCIA,,PAJA,PAILLE,Καλαμάκι,
STRIDE,519,529,8,5,live,PASSO,,ZANCADA,PAS,δρασκελιά,
STRING,451,482,5,7,live,CORDA,,CUERDA,CORDE,σειρά,
STRIPE,586,600,3,5,live,RIGA/STRISCIA,,RAYA,RAIE,γραμμή,
STROKE,607,568,15,6,live,COLPO/BOTTA,,GOLPE,COUP,εγκεφαλικό,
STRUT,578,561,51,6,live,MONTANTE,,PISADA,MONTANT,αλαζονικό,
STUB,400,452,3,6,live,MATRICE,,MATRIZ,MATRICE,Στέλεχος,
STUDENT,400,477,42,5,live,STUDENTE,,ESTUDIANTE,ÉTUDIANT,Μαθητής,
SUBMARINE,423,453,3,4,live,SOTTOMARINO,,SUBMARINO,NAVIRE,Υποβρύχιο,
SUDS,638,599,10,5,live,SCHIUMA,,ESPUMA,MOUSSE,Σαπουνάδα,
SUE,547,554,14,7,live,CITARE (IN GIUDIZIO),,DEMANDAR,CITER,Μηνύω,
SUGAR,590,574,16,6,live,ZUCCHERO,,AZUCAR,SUCRE,Ζάχαρη,
SUIT,516,530,11,4,live,ABITO,,TRAJE,ROBE,Κοστούμι,
SUITE,568,551,23,3,live,SUITE,,SUITE,SUITE,Σουίτα,
SULPHUR,611,606,7,5,live,SOLFURO,,SULFURO,SULFURE,Θείο,
SULTAN,425,495,28,5,live,SULTANO,,SULTÁN,SULTAN,Σουλτάνος,
SUMMER,578,553,19,6,live,ESTATE,,VERANO,ÉTÉ,Καλοκαίρι,
SUN,593,532,12,3,live,SOLE,,SOL,SOLEIL,Ήλιος,
SUNBURN,459,483,22,3,live,USTIONE,,QUEMADURA,BRÛLURE,Έγκαυμα,
SUNLIGHT,563,511,22,4,live,LUCE,,LUZ,LUMIÈRE,Φως,
SUNSET,568,591,4,4,live,TRAMONTO,,ATARDECER,AUBE,Ηλιοβασίλεμα,
SUNSHINE,582,594,19,5,live,LUCE (DEL SOLE),,LUZ SOLAR,JOUR?,Λιακάδα,
SUPPER,609,601,19,7,live,CENA,,CENA,DÎNER,Δείπνο,
SWALLOW,607,620,9,3,live,RONDINE,,GOLONDRINA,ARONDE,καταπιεί,
SWAMP,586,603,13,6,live,PALUDE,,PANTANO,MARAIS,Τέλμα,
SWARM,662,610,4,6,live,SCIAME,,ENJAMBRE,ESSAIM,Σμήνος,
SWEAT,573,596,11,4,live,SUDORE,,SUDOR,SUEUR,Ιδρώτας,
SWEEP,473,475,13,3,live,SPAZZARE,,BARRER,BALAYER,Σκούπισμα,
SWEET,634,621,35,6,live,DOLCE,,DULCE,DOUX,γλυκό,
SWIM,570,538,40,4,live,NUOTARE,,NADAR,NAGER,Κολύμβημα,
SWIMMING,619,624,20,5,live,NUOTO,,NATACIÓN,NATATION,Κολύμβηση,
SWORD,602,539,3,8,live,SPADA,,ESPADA,ÉPÉE,σπαθί,
SYMBOL,437,533,3,7,live,SIMBOLO,,SÍMBOLO,SYMBOLE,Σύμβολο,
SYNAGOGUE,417,456,87,5,live,SINAGOGA,,SINAGOGA,SYNAGOGUE,συναγωγή,
TABLE,404,486,36,5,live,TABELLA,,TABLA,TABLEAU,τραπέζι,
TABLESPOON,533,577,16,7,live,CUCCHIAIO,,CUCHARADA,CUILLÈRE,Κουτάλι της σούπας,
TACK,585,596,13,5,live,PUNTINA,,TACHUELA,PUNAISE,καραφάκι,
TAIL,567,569,4,3,live,CODA,,COLA,QUEUE,ουρά,
TALES,547,499,38,5,live,RACCONTO,,CUENTO,CONTE,Μύθοι,
TALK,590,585,24,7,live,PARLARE,,HABLAR,PARLER,ομιλία,
TALL,511,525,31,5,live,ALTO,,ALTO,HAUT,Ψηλός,
TANG,597,587,11,7,live,GUSTO,,GUSTO,GOÛT,Ταγάδα,
TANK,592,593,82,5,live,CISTERNA,,CISTERNA,CITERNE,δεξαμενή,
TAP,402,506,61,6,live,RUBINETTO,,GRIFO,ROBINET,Παρακέντηση,
TAPE,590,550,18,4,live,NASTRO,,CINTA,RUBAN,Κασέτα,
TAR,604,622,59,4,live,CATRAME,,ALQUITRÁN,GOUDRON,Πίσσα,
TASTE,446,516,134,5,live,GUSTO/SAPORE,,SABOR,SAVEUR,Γεύση,
TAX,523,597,4,8,live,TASSA,,IMPUESTA,TAXE,Φόρος,
TEA,504,515,4,5,live,TÈ,,TÉ,THÉ,Τσάι,
TEACHER,448,520,81,4,live,MAESTRO,,MAESTRO,MAITRE,Δάσκαλος,
TEAM,577,574,3,6,live,SQUADRA,,EQUIPO,ÉQUIPE,Ομάδα,
TEAR,579,585,5,7,live,LACRIMA,,LÁGRIMA,LARME,Δάκρυ,
TEETH,509,498,16,5,live,DENTE,,DIENTE,DENT,Δόντια,
TELEGRAPH,617,617,4,5,live,TELEGRAFO,,TELÉGRAFO,TÉLÉGRAPHE,Τηλέγραφος,
TELEPHONE,595,621,57,5,live,TELEFONO,,TELÉFONO,PORTABLE,Τηλέφωνο,
TELESCOPE,608,628,7,7,live,TELESCOPIO/ BINOCOLO,,TELESCOPIO,LUNETTE,Τηλεσκόπιο,
TEMPERATURE,596,529,8,5,live,FEBBRE,,TEMPERATURA,FIÈVRE,Θερμοκρασία,
TEMPLE,581,564,31,4,live,TEMPIA,,SIEN,TEMPE,Ναός,
TENNIS,619,641,4,5,live,TENNIS,,TENIS,TENNIS,Τένις,
TENT,433,461,3,6,live,TENDA,,CORTINA,TENTE,Τέντα,
TERRITORY,464,463,10,4,live,ZONA,,ZONA,ZONE,Επικράτεια,
TEST,555,578,10,6,live,PROVA,,PRUEBA,TEST,δοκιμή,
TEXT,,,,7,demo,TESTO,,TEXTO,TEXTE,Κείμενο,
THERMOMETER,644,564,8,6,live,MISURATORE,,TERMÓMETRO,COMPTEUR,Θερμόμετρο,
THIEF,570,540,5,5,live,LADRO,,LADRÓN,VOLEUR,Κλέφτης,
THIRSTY,467,588,4,8,live,SETE,,SED,SOIF,Δίψα,
THORN,423,529,18,5,live,SPINA,,ESPINA,ÉPINE,Αγκάθι,
THREAD,,,,4,demo,FILO,,HILO,FIL,απειλή,
THROAT,558,516,5,5,live,GOLA,,GARGANTA,GORGE,Λαιμός,
THRONG,606,592,8,8,live,FOLLA,,MULTITUD,FOULE,Πλήθος,
THROW,580,574,57,5,live,LANCIO,,TIRO,JET,βολή,
THUD,550,591,51,7,live,TONFO,,CHAPOTEO,TONFO,Γδούπος,
THUMB,449,526,182,5,live,DITO,,PULGAR,DOIGT,Αντίχειρας,
THUNDER,420,476,42,5,live,FULMINE,,RELÁMPAGO,FOUDRE,βροντή,
TICKET,,,,5,demo,TARIFFA,,TARIFA,TARIF,Εισιτήριο,
TIDE,414,559,47,8,live,ONDA,,MAREA,VAGUE,Παλίρροια,
TIE,575,600,73,6,live,CRAVATTA,,CORBATA,CRAVATE,Γραβάτα,
TIGER,606,572,32,3,live,TIGRE,,TIGRE,TIGRE,Τίγρης,
TIGHT,,,,6,demo,STRETTO,,APRETADO,SERRÉ,Σφιχτός,
TIMBER,595,563,4,4,live,LEGNA,,MADERA,BOIS,ξυλεία,
TIN,558,593,35,7,live,LATTINA,,ESTAÑO,CANETTE,Πιστεύω,
TIP,560,516,8,4,live,PUNTA,,PUNTA,POINTE ,Υπόδειξη,
TIRE,553,546,25,4,live,RUOTA,,RUEDA,ROUE,Λάστιχο,
TOAD,580,569,4,6,live,RANA,,SAPO,CRAPAUD,Φρύνος,
TOAST,500,489,28,5,live,TOAST,,TOAST,TOAST,Τοστ,
TOBACCO,400,478,16,8,live,TABACCO,,TABACO,TABAC,Καπνός,
TOE,571,525,16,6,live,PIEDE,,PIE,PIED,δάχτυλο του ποδιού,
TOILET,,,,7,demo,WC,,INODORO,WC,Τουαλέτα,
TOMATO,575,581,4,4,live,POMODORO,,TOMATE,TOMATE,Ντομάτα,
TOMB,467,521,27,6,live,TOMBA,,TUMBA,TOMBE,Τάφος,
TON,576,578,72,7,live,TONO,,TONELADA,TON,,
TONGUE,601,564,4,4,live,LINGUA,,LENGUA,LANGUE,Γλώσσα,
TOOL,645,562,9,7,live,ATTREZZO,,HERRAMIENTA,OUTIL,Εργαλείο,
TOOTH,541,560,7,6,live,DENTE,,DIENTE,DENT,Δόντι,
TORTOISE,626,606,11,6,live,CHELONE,,TORTUGA,TURTLE,Χελώνα,
TORTURE,482,499,13,7,live,TORTURA,,TORTURA,TORTURE,Μαρτύριο,
TOUCH,,,,7,demo,TOCCO,,TOQUE,CONTACT,αφή,
TOUGH,418,464,135,6,live,FORTE,,DURO,FORT,Σκληρός,
TOURIST,548,486,4,5,live,TURISTA,,TURISTA,VISITEUR,Τουρίστας,
TOWER,451,466,56,4,live,TORRE,,TORRE,TOUR,Πύργος,
TOY,439,452,3,4,live,PUPAZZO,,JUGUETE,M,Παιχνίδι,
TRACK,563,530,11,5,live,BINARIO,,PISTA,RAIL,Πίστα,
TRACTOR,452,505,100,4,live,TRATTORE,,TRACTOR,TRACTEUR,Τρακτέρ,
TRAIL,497,574,54,7,live,PROCESSO,,SENDERO,PROCÈS ,Ίχνος,
TRAILER,589,576,160,4,live,CAMION,,REMOLQUE,CAMION,Νταλίκα,
TRAIN,584,617,6,6,live,TRENO,,TREN,TRAIN,Τρένο,
TRANSPORTATION,642,590,11,6,live,TRASPORTO,,TRANSPORTE,FRET,μεταφορά,
TRAVEL,525,553,5,7,live,VIAGGIO,,VIAJE,VOYAGE,Ταξίδι,
TRAVELLER,447,522,37,4,live,TURISTA,,VIAJERO,TOURISTE,Ταξιδιώτης,
TRAY,430,448,35,5,live,VASSOIO,,BANDEJA,PLATEAU,Δίσκος,
TREASURER,487,525,81,5,live,CASSIERE,,CAJERO,CAISSIER,Θησαυρός,
TREE,,,,5,demo,ALBERO,,ÁRBOL,ARBRE,Δέντρο,
TRIAL,492,542,46,4,live,PROVA,,PRUEBA,ESSAI,δοκιμή,
TRIANGLE,569,547,14,3,live,TRIGONO,,TRIÁNGULO,TRANGLE,Τρίγωνο,
TRIBE,560,546,42,6,live,TRIBU,,TRIBU,TRIBU,φυλή,
TRIP,439,537,69,7,live,VIAGGIO,,VIAJE,VOYAGE,Ταξίδι,
TRIPOD,561,602,6,3,live,TRIPODE,,TRÍPODE,TRIPODE,Τρίποδο,
TROLLEY,509,594,32,7,live,TROLLEY,,CARRITO,TROLLEY,τρόλεϋ,
TROOP,439,523,14,4,live,GRUPPO,,GRUPO,GROUPE,Ομάδα,
TROUT,462,521,91,6,live,TROTA,,TRUCHA,TRUITE,Τρώκτης,
TRUCK,478,509,53,3,live,CAMION,,CAMIÓN,CAMION,φορτηγό,
TRUMPET,573,463,4,5,live,TROMBA,,TROMPETA,CAGE,Τρομπέτα,
TRUNK,594,577,9,5,live,TRONCO,,TRONCO,TRONC,Κορμός,
TUBE,573,576,56,5,live,TUBO,,TUBO,TUBE,Σωλήνας,
TUBERCULOSIS,570,579,19,4,live,TISI,,TUBERCULOSIS,PHTISIE,Φυματίωση,
TULIP,402,499,3,5,live,TULIPANO,,TULIPÁN,TULIPE,Τουλίπα,
TUMBLE,604,592,17,7,live,CADUTA,,CAÍDA,CHUTE,Πέσιμο,
TUNE,490,567,12,7,live,MELODIA,,MELODIA,MELODIE,Αρμονία,
TUNNEL,579,574,4,7,live,GALLERIA,,TÚNEL,GALERIE,Τούνελ,
TURPENTINE,599,535,4,4,live,ACQUARAGIA,,TREMENTINA,TURPENTINE,νέφτι,
TURTLE,547,505,26,5,live,TARTARUGA,,TORTUGA,TORTUE,Χελώνα,
TWEED,589,565,9,6,live,TWEED,,TWEED,TWEED,Τουίντ,
TWILIGHT,552,535,63,4,live,TRAMONTO,,CREPÚSCULO,AUBE,Λυκόφως,
TWIST,609,602,119,6,live,SVOLTA,,TORCEDURA,TOURNANT,συστροφή,
TYPEWRITER,621,624,72,4,live,COMPUTER/PC,,ORDENADOR,ORDI/TERMINAL,γραφομηχανή,
ULCER,595,584,18,4,live,ULCERA,,ÚLCERA,ULCÈRE,Έλκος,
UMBRELLA,515,501,7,4,live,OMBRELLO,,PARAGUAS,OMBRELLE,Ομπρέλα,
UNCLE,499,621,83,6,live,ZIO,,TÍO,ONCLE,Θείος,
UNDERGRADUATE,585,564,42,4,live,LAUREA,,LICENCIATURA,DIPLOME,φοιτητής,
UNDERWORLD,522,589,5,5,live,ALDILA,,INFRAMUNDO,AU-DÉLA,Υπόκοσμος,
UNIFORM,459,467,28,7,live,DIVISA,,UNIFORME,UNIFORME,στολή,
UNION,473,551,3,6,live,UNIONE,,UNIÓN,UNION,Ένωση,
UPHOLSTERY,595,610,6,4,live,SELLERIA,,GUARNICIONERÍA,SELLERIE,Ταπετσαρία,
URBAN,606,577,55,4,live,URBANO,,URBANO,URBAIN,Αστικός,
VACATION,608,586,10,4,live,VACANZA,,VACACIONES,VACANCE,Διακοπές,
VALLEY,532,486,30,6,live,VALLE,,VALLE,VALLÉE,Κοιλάδα,
VAN,611,578,4,4,live,FURGONE,,FURGONETA,VAN,Βαν,
VASE,561,570,28,5,live,VASO,,JARRÓN,VASE,Βάζο,
VEGETABLE,457,482,5,4,live,VERDURA,,VERDURA,LÉGUME,λαχανικό,
VEHICLE,505,595,8,5,live,VEICOLO,,VEHÍCULO,VÉHICULE,Όχημα,
VEIL,446,548,106,5,live,VELO,,VELO,VOILE,Πέπλο,
VEIN,467,540,117,7,live,VENA,,VENA,VEINE,Φλέβα,
VELVET,606,624,4,5,live,VELLUTO,,TERCIOPELO,VELOURS,Βελούδο,
VERSE,553,568,35,4,live,VERSO,,VERSO,VERS,Στίχος,
VERTICAL,439,501,9,4,live,ALTEZZA,,VERTICAL,HAUTEUR,Κάθετα,
VESSEL,537,598,55,6,live,NAVE,,BUQUE,BATEAU,Σκάφος,
VEST,542,514,3,4,live,GILET,,CHALECO,GILET,Γιλέκο,
VICTIM,439,507,82,5,live,VITTIMA,,VÍCTIMA,VICTIME,Θύμα,
VILLAGE,430,449,6,6,live,PAESE,,PAÍS,PAYS,χωριό,
VINE,,,,4,demo,VITE,,VID,VIS,Άμπελος,
VINEGAR,583,613,9,3,live,ACETO,,VINAGRE,VINAIGRE,Ξύδι,
VIOLET,,,,,,VIOLA,,VIOLETA,VIOLET,Βιολέτα,
VIOLIN,,,,,,VIOLINO,,VIOLÍN,VIOLON,βιολί,
VISITOR,,,,,,OSPITE,,VISITANTE,INVITÉ,Επισκέπτης,
VOLUME,,,,,,VOLUME,,VOLUMEN,VOLUME,Ένταση,
VOTER,,,,,,ELETTORE,,VOTANTE,ÉLECTEUR,Ψηφοφόρος,
WAGE,,,,,,SALARIO,,RETRIBUCIÓN,SALAIRE,μισθός,
WAIL,,,,,,VAGITO,,VAGIDO ,CRI,Θρηνώ,
WAIST,,,,,,FIANCHI,,CINTURA,HANCHES,Μέση,
WALK,,,,,,GIRARE,,CAMINAR,TOURNER,Βόλτα,
WALKING,,,,,,GIRO,,PASEO,TOUR,Περπάτημα,
WALL,,,,,,MURO,,MURO,MUR,Τοίχος,
WALLET,,,,,,ASTUCCIO,,BILLETERA,ÉTUI,Πορτοφόλι,
WALNUT,,,,,,NOCE,,NUEZ,NOIX,καρυδιά,
WAREHOUSE,,,,,,RIMESSA,,ALMACÉN,HANGAR,Αποθήκη,
WARRIOR,,,,,,SOLDATO,,GUERRERO,SOLDAT,Πολεμιστής,
WASH,,,,,,PULIRE,,LAVAR,NETTOYER,Πλύση,
WASTE,,,,,,SPRECO,,DESPERDICIO,GACHIS,Απόβλητα,
WATCH,,,,,,OROLOGIO,,RELOJ,MONTRE,Ρολόι,
WAVE,,,,,,ONDA,,OLA,ONDE,Κύμα,
WAX,,,,,,CERA,,CERA,CIRE,κερί,
WEAPON,,,,,,ARMA,,ARMA,ARME,Όπλο,
WEATHER,,,,,,METEO,,CLIMA,MÉTEO,Καιρός,
WEB,,,,,,RETE,,RED,RÉSEAU,Ιστότοπος,
WEDDING,,,,,,NOZZE,,BODA,MARIAGE,Γάμος,
WEEP,,,,,,PIANTO,,LLANTO,CRI,Κλαίω,
WEIGHT,,,,,,PESO,,PESO,POID,Βάρος,
WET,,,,,,UMIDO,,MOJADO,HUMIDE,Βρεγμένο,
WHARF,,,,,,MOLO,,MUELLE,QUAI,Αποβάθρα,
WHEAT,,,,,,GRANO,,TRIGO,BLÉ,Σιτάρι,
WHEEL,,,,,,RUOTA,,RUEDA,ROUE,Ρόδα,
WHIP,,,,,,FRUSTA,,LÁTIGO,FOUET,Μαστίγιο,
WHIRL,,,,,,VORTICE,,REMOLINO,VORTEX,Γυρνάω,
WHISKEY,,,,,,WHISKY,,WHISKY,WHISKY,Ουίσκι,
WHISPER,,,,,,SUSSURRO,,SUSURRAR,MURMURE,Ψίθυρος,
WHISTLE,,,,,,FISCHIO,,SILBIDO,SIFFLET,Σφύριγμα,
WICK,,,,,,STOPPINO,,MECHA,MÈCHE,Φυτίλι,
WIDOW,,,,,,VEDOVO,,VIUDO,VEUF,Χήρος,
WILDERNESS,,,,,,DESERTO,,DESIERTO,DÉSERT,ερημιά,
WILLOW,,,,,,SALICE,,SAUCE,SAULE,ιτιά,
WIND,,,,,,VENTO,,VIENTO,VENT,Άνεμος,
WINDOW,,,,,,FINESTRA,,VENTANA,FENETRE,Παράθυρο,
WINE,,,,,,VINO,,VINO,VIN,κρασί,
WING,,,,,,ALA,,ALA,AILE,φτερό,
WINK,,,,,,ISTANTE,,INSTANTE,INSTANT,Κλείσιμο ματιού,
WINTER,,,,,,INVERNO,,INVIERNO,HIVER,Χειμώνας,
WIRE,,,,,,FILO,,ALAMBRE,FIL,Σύρμα,
WITCH,,,,,,STREGA,,BRUJA,SORCIÈRE,Μάγισσα,
WITNESS,,,,,,MARTIRE,,TESTIGO,TEMOIN,Μάρτυρας,
WIZARD,,,,,,MAGO,,HECHICERO,MAGICIEN,Μάγος,
WOLF,,,,,,LUPO,,LOBO,LOUP,Λύκος,
WOOD,,,,,,LEGNO,,MADERA,BOIS,Ξύλο,
WOOL,,,,,,LANA,,LANA,LAINE,Μάλλινο,
WORKER,,,,,,OPERAIO,,TRABAJADOR,OUVRIER,Εργάτης,
WORM,,,,,,VERME,,GUSANO,VER,Σκουλήκι,
WOUND,,,,,,FERITA,,HERIDA,BLESSURE,πληγή,
WRAP,,,,,,FASCIARE,,ENVOLVER,BANDER,Κάλλυμα,
WRECK,,,,,,DISASTRO,,NAUFRAGIO,ÉPAVE,Ναυάγιο,
WRITE,,,,,,SCRIVERE,,ESCRIBIR,ÉCRIR,Γράφω,
WRITING,,,,,,SCRITTO/GRAFIA,,ESCRITURA,ÉCRITURE,γραφή,
YACHT,,,,,,BARCA,,YATE,YACHT,Σκάφος,
YARD,,,,,,CORTILE,,PATIO,COUR,Κήπος,
YELL,,,,,,URLARE,,GRITAR,CRIER,κραυγή,
YELLOW,,,,,,GIALLO,,AMARILLO,JAUNE,Κίτρινο,
YOKE,,,,,,GIOGO,,YUGO,JOUG,Ζυγός,
YOUTH,,,,,,GIOVENTU,,JUVENTUD,JEUNESSE,Νεότητα,
ZENITH,,,,,,APICE,,CENIT,APOGÉE/SOMMET,Ζενίθ,
ZOO,,,,,,ZOO,zoo,ZOOLÓGICO,ZOO,Ζωολογικός  κήπος,
